ccaa_iso,fecha,num_casos
AN,2020-01-01,0
AR,2020-01-01,0
AS,2020-01-01,0
CB,2020-01-01,0
CE,2020-01-01,0
CL,2020-01-01,0
CM,2020-01-01,0
CN,2020-01-01,0
CT,2020-01-01,2
EX,2020-01-01,0
GA,2020-01-01,0
IB,2020-01-01,0
MC,2020-01-01,0
MD,2020-01-01,2
ML,2020-01-01,0
NC,2020-01-01,0
PV,2020-01-01,0
RI,2020-01-01,0
VC,2020-01-01,0
AN,2020-01-02,1
AR,2020-01-02,0
AS,2020-01-02,0
CB,2020-01-02,0
CE,2020-01-02,0
CL,2020-01-02,0
CM,2020-01-02,0
CN,2020-01-02,0
CT,2020-01-02,1
EX,2020-01-02,0
GA,2020-01-02,0
IB,2020-01-02,0
MC,2020-01-02,0
MD,2020-01-02,0
ML,2020-01-02,0
NC,2020-01-02,0
PV,2020-01-02,0
RI,2020-01-02,0
VC,2020-01-02,0
AN,2020-01-03,0
AR,2020-01-03,0
AS,2020-01-03,0
CB,2020-01-03,0
CE,2020-01-03,0
CL,2020-01-03,0
CM,2020-01-03,0
CN,2020-01-03,0
CT,2020-01-03,0
EX,2020-01-03,0
GA,2020-01-03,0
IB,2020-01-03,0
MC,2020-01-03,0
MD,2020-01-03,0
ML,2020-01-03,0
NC,2020-01-03,0
PV,2020-01-03,0
RI,2020-01-03,0
VC,2020-01-03,0
AN,2020-01-04,0
AR,2020-01-04,0
AS,2020-01-04,0
CB,2020-01-04,0
CE,2020-01-04,0
CL,2020-01-04,0
CM,2020-01-04,0
CN,2020-01-04,0
CT,2020-01-04,0
EX,2020-01-04,0
GA,2020-01-04,0
IB,2020-01-04,0
MC,2020-01-04,0
MD,2020-01-04,0
ML,2020-01-04,0
NC,2020-01-04,0
PV,2020-01-04,0
RI,2020-01-04,0
VC,2020-01-04,1
AN,2020-01-05,0
AR,2020-01-05,0
AS,2020-01-05,0
CB,2020-01-05,0
CE,2020-01-05,0
CL,2020-01-05,0
CM,2020-01-05,0
CN,2020-01-05,0
CT,2020-01-05,0
EX,2020-01-05,0
GA,2020-01-05,0
IB,2020-01-05,0
MC,2020-01-05,0
MD,2020-01-05,0
ML,2020-01-05,0
NC,2020-01-05,0
PV,2020-01-05,0
RI,2020-01-05,0
VC,2020-01-05,0
AN,2020-01-06,0
AR,2020-01-06,0
AS,2020-01-06,0
CB,2020-01-06,0
CE,2020-01-06,0
CL,2020-01-06,0
CM,2020-01-06,0
CN,2020-01-06,0
CT,2020-01-06,0
EX,2020-01-06,0
GA,2020-01-06,0
IB,2020-01-06,0
MC,2020-01-06,0
MD,2020-01-06,0
ML,2020-01-06,0
NC,2020-01-06,0
PV,2020-01-06,0
RI,2020-01-06,0
VC,2020-01-06,0
AN,2020-01-07,0
AR,2020-01-07,0
AS,2020-01-07,0
CB,2020-01-07,0
CE,2020-01-07,0
CL,2020-01-07,0
CM,2020-01-07,0
CN,2020-01-07,0
CT,2020-01-07,0
EX,2020-01-07,0
GA,2020-01-07,0
IB,2020-01-07,0
MC,2020-01-07,0
MD,2020-01-07,0
ML,2020-01-07,0
NC,2020-01-07,0
PV,2020-01-07,0
RI,2020-01-07,0
VC,2020-01-07,0
AN,2020-01-08,0
AR,2020-01-08,0
AS,2020-01-08,0
CB,2020-01-08,0
CE,2020-01-08,0
CL,2020-01-08,0
CM,2020-01-08,0
CN,2020-01-08,0
CT,2020-01-08,0
EX,2020-01-08,0
GA,2020-01-08,0
IB,2020-01-08,0
MC,2020-01-08,0
MD,2020-01-08,0
ML,2020-01-08,0
NC,2020-01-08,0
PV,2020-01-08,0
RI,2020-01-08,0
VC,2020-01-08,0
AN,2020-01-09,0
AR,2020-01-09,0
AS,2020-01-09,0
CB,2020-01-09,0
CE,2020-01-09,0
CL,2020-01-09,0
CM,2020-01-09,0
CN,2020-01-09,0
CT,2020-01-09,0
EX,2020-01-09,0
GA,2020-01-09,0
IB,2020-01-09,0
MC,2020-01-09,0
MD,2020-01-09,0
ML,2020-01-09,0
NC,2020-01-09,0
PV,2020-01-09,0
RI,2020-01-09,0
VC,2020-01-09,2
AN,2020-01-10,0
AR,2020-01-10,0
AS,2020-01-10,0
CB,2020-01-10,0
CE,2020-01-10,0
CL,2020-01-10,0
CM,2020-01-10,0
CN,2020-01-10,0
CT,2020-01-10,0
EX,2020-01-10,0
GA,2020-01-10,0
IB,2020-01-10,0
MC,2020-01-10,0
MD,2020-01-10,1
ML,2020-01-10,0
NC,2020-01-10,0
PV,2020-01-10,0
RI,2020-01-10,0
VC,2020-01-10,0
AN,2020-01-11,1
AR,2020-01-11,0
AS,2020-01-11,0
CB,2020-01-11,0
CE,2020-01-11,0
CL,2020-01-11,0
CM,2020-01-11,0
CN,2020-01-11,0
CT,2020-01-11,0
EX,2020-01-11,0
GA,2020-01-11,0
IB,2020-01-11,0
MC,2020-01-11,0
MD,2020-01-11,1
ML,2020-01-11,0
NC,2020-01-11,0
PV,2020-01-11,0
RI,2020-01-11,0
VC,2020-01-11,0
AN,2020-01-12,0
AR,2020-01-12,0
AS,2020-01-12,0
CB,2020-01-12,0
CE,2020-01-12,0
CL,2020-01-12,0
CM,2020-01-12,0
CN,2020-01-12,0
CT,2020-01-12,0
EX,2020-01-12,0
GA,2020-01-12,0
IB,2020-01-12,0
MC,2020-01-12,0
MD,2020-01-12,4
ML,2020-01-12,0
NC,2020-01-12,0
PV,2020-01-12,0
RI,2020-01-12,0
VC,2020-01-12,0
AN,2020-01-13,0
AR,2020-01-13,0
AS,2020-01-13,0
CB,2020-01-13,0
CE,2020-01-13,0
CL,2020-01-13,0
CM,2020-01-13,0
CN,2020-01-13,0
CT,2020-01-13,0
EX,2020-01-13,1
GA,2020-01-13,0
IB,2020-01-13,0
MC,2020-01-13,0
MD,2020-01-13,5
ML,2020-01-13,0
NC,2020-01-13,0
PV,2020-01-13,0
RI,2020-01-13,0
VC,2020-01-13,1
AN,2020-01-14,1
AR,2020-01-14,0
AS,2020-01-14,0
CB,2020-01-14,0
CE,2020-01-14,0
CL,2020-01-14,0
CM,2020-01-14,0
CN,2020-01-14,0
CT,2020-01-14,0
EX,2020-01-14,0
GA,2020-01-14,0
IB,2020-01-14,0
MC,2020-01-14,0
MD,2020-01-14,0
ML,2020-01-14,0
NC,2020-01-14,0
PV,2020-01-14,0
RI,2020-01-14,0
VC,2020-01-14,0
AN,2020-01-15,2
AR,2020-01-15,0
AS,2020-01-15,0
CB,2020-01-15,0
CE,2020-01-15,0
CL,2020-01-15,1
CM,2020-01-15,0
CN,2020-01-15,0
CT,2020-01-15,0
EX,2020-01-15,0
GA,2020-01-15,1
IB,2020-01-15,0
MC,2020-01-15,0
MD,2020-01-15,2
ML,2020-01-15,0
NC,2020-01-15,0
PV,2020-01-15,0
RI,2020-01-15,0
VC,2020-01-15,0
AN,2020-01-16,0
AR,2020-01-16,0
AS,2020-01-16,0
CB,2020-01-16,0
CE,2020-01-16,0
CL,2020-01-16,0
CM,2020-01-16,0
CN,2020-01-16,0
CT,2020-01-16,0
EX,2020-01-16,0
GA,2020-01-16,0
IB,2020-01-16,0
MC,2020-01-16,0
MD,2020-01-16,1
ML,2020-01-16,0
NC,2020-01-16,0
PV,2020-01-16,0
RI,2020-01-16,0
VC,2020-01-16,0
AN,2020-01-17,0
AR,2020-01-17,0
AS,2020-01-17,0
CB,2020-01-17,0
CE,2020-01-17,0
CL,2020-01-17,0
CM,2020-01-17,0
CN,2020-01-17,0
CT,2020-01-17,0
EX,2020-01-17,0
GA,2020-01-17,0
IB,2020-01-17,0
MC,2020-01-17,0
MD,2020-01-17,2
ML,2020-01-17,0
NC,2020-01-17,0
PV,2020-01-17,0
RI,2020-01-17,0
VC,2020-01-17,1
AN,2020-01-18,0
AR,2020-01-18,0
AS,2020-01-18,0
CB,2020-01-18,0
CE,2020-01-18,0
CL,2020-01-18,0
CM,2020-01-18,0
CN,2020-01-18,0
CT,2020-01-18,0
EX,2020-01-18,0
GA,2020-01-18,0
IB,2020-01-18,0
MC,2020-01-18,0
MD,2020-01-18,3
ML,2020-01-18,0
NC,2020-01-18,0
PV,2020-01-18,0
RI,2020-01-18,0
VC,2020-01-18,0
AN,2020-01-19,0
AR,2020-01-19,0
AS,2020-01-19,0
CB,2020-01-19,0
CE,2020-01-19,0
CL,2020-01-19,0
CM,2020-01-19,0
CN,2020-01-19,0
CT,2020-01-19,2
EX,2020-01-19,0
GA,2020-01-19,0
IB,2020-01-19,0
MC,2020-01-19,0
MD,2020-01-19,0
ML,2020-01-19,0
NC,2020-01-19,0
PV,2020-01-19,0
RI,2020-01-19,0
VC,2020-01-19,0
AN,2020-01-20,0
AR,2020-01-20,0
AS,2020-01-20,0
CB,2020-01-20,0
CE,2020-01-20,0
CL,2020-01-20,1
CM,2020-01-20,0
CN,2020-01-20,0
CT,2020-01-20,0
EX,2020-01-20,1
GA,2020-01-20,0
IB,2020-01-20,0
MC,2020-01-20,0
MD,2020-01-20,3
ML,2020-01-20,0
NC,2020-01-20,0
PV,2020-01-20,0
RI,2020-01-20,0
VC,2020-01-20,1
AN,2020-01-21,0
AR,2020-01-21,0
AS,2020-01-21,0
CB,2020-01-21,0
CE,2020-01-21,0
CL,2020-01-21,0
CM,2020-01-21,0
CN,2020-01-21,0
CT,2020-01-21,0
EX,2020-01-21,0
GA,2020-01-21,0
IB,2020-01-21,0
MC,2020-01-21,0
MD,2020-01-21,0
ML,2020-01-21,0
NC,2020-01-21,0
PV,2020-01-21,0
RI,2020-01-21,1
VC,2020-01-21,1
AN,2020-01-22,0
AR,2020-01-22,0
AS,2020-01-22,0
CB,2020-01-22,0
CE,2020-01-22,0
CL,2020-01-22,0
CM,2020-01-22,0
CN,2020-01-22,0
CT,2020-01-22,0
EX,2020-01-22,0
GA,2020-01-22,0
IB,2020-01-22,0
MC,2020-01-22,0
MD,2020-01-22,0
ML,2020-01-22,0
NC,2020-01-22,0
PV,2020-01-22,1
RI,2020-01-22,0
VC,2020-01-22,0
AN,2020-01-23,0
AR,2020-01-23,0
AS,2020-01-23,0
CB,2020-01-23,0
CE,2020-01-23,0
CL,2020-01-23,0
CM,2020-01-23,0
CN,2020-01-23,0
CT,2020-01-23,1
EX,2020-01-23,0
GA,2020-01-23,0
IB,2020-01-23,0
MC,2020-01-23,0
MD,2020-01-23,2
ML,2020-01-23,0
NC,2020-01-23,0
PV,2020-01-23,0
RI,2020-01-23,0
VC,2020-01-23,0
AN,2020-01-24,1
AR,2020-01-24,0
AS,2020-01-24,0
CB,2020-01-24,0
CE,2020-01-24,0
CL,2020-01-24,0
CM,2020-01-24,0
CN,2020-01-24,0
CT,2020-01-24,0
EX,2020-01-24,0
GA,2020-01-24,0
IB,2020-01-24,0
MC,2020-01-24,0
MD,2020-01-24,2
ML,2020-01-24,0
NC,2020-01-24,0
PV,2020-01-24,0
RI,2020-01-24,0
VC,2020-01-24,0
AN,2020-01-25,1
AR,2020-01-25,0
AS,2020-01-25,0
CB,2020-01-25,0
CE,2020-01-25,0
CL,2020-01-25,0
CM,2020-01-25,0
CN,2020-01-25,0
CT,2020-01-25,0
EX,2020-01-25,0
GA,2020-01-25,0
IB,2020-01-25,0
MC,2020-01-25,0
MD,2020-01-25,1
ML,2020-01-25,0
NC,2020-01-25,0
PV,2020-01-25,0
RI,2020-01-25,0
VC,2020-01-25,0
AN,2020-01-26,1
AR,2020-01-26,0
AS,2020-01-26,0
CB,2020-01-26,0
CE,2020-01-26,0
CL,2020-01-26,0
CM,2020-01-26,0
CN,2020-01-26,0
CT,2020-01-26,0
EX,2020-01-26,0
GA,2020-01-26,0
IB,2020-01-26,0
MC,2020-01-26,0
MD,2020-01-26,1
ML,2020-01-26,0
NC,2020-01-26,0
PV,2020-01-26,0
RI,2020-01-26,0
VC,2020-01-26,1
AN,2020-01-27,0
AR,2020-01-27,0
AS,2020-01-27,0
CB,2020-01-27,0
CE,2020-01-27,0
CL,2020-01-27,0
CM,2020-01-27,0
CN,2020-01-27,0
CT,2020-01-27,0
EX,2020-01-27,0
GA,2020-01-27,0
IB,2020-01-27,0
MC,2020-01-27,0
MD,2020-01-27,1
ML,2020-01-27,0
NC,2020-01-27,0
PV,2020-01-27,0
RI,2020-01-27,0
VC,2020-01-27,0
AN,2020-01-28,0
AR,2020-01-28,0
AS,2020-01-28,0
CB,2020-01-28,0
CE,2020-01-28,0
CL,2020-01-28,0
CM,2020-01-28,0
CN,2020-01-28,0
CT,2020-01-28,0
EX,2020-01-28,0
GA,2020-01-28,0
IB,2020-01-28,0
MC,2020-01-28,0
MD,2020-01-28,1
ML,2020-01-28,0
NC,2020-01-28,0
PV,2020-01-28,0
RI,2020-01-28,0
VC,2020-01-28,1
AN,2020-01-29,0
AR,2020-01-29,0
AS,2020-01-29,0
CB,2020-01-29,0
CE,2020-01-29,0
CL,2020-01-29,0
CM,2020-01-29,0
CN,2020-01-29,1
CT,2020-01-29,1
EX,2020-01-29,0
GA,2020-01-29,0
IB,2020-01-29,1
MC,2020-01-29,0
MD,2020-01-29,3
ML,2020-01-29,0
NC,2020-01-29,0
PV,2020-01-29,0
RI,2020-01-29,0
VC,2020-01-29,1
AN,2020-01-30,0
AR,2020-01-30,0
AS,2020-01-30,0
CB,2020-01-30,0
CE,2020-01-30,0
CL,2020-01-30,0
CM,2020-01-30,0
CN,2020-01-30,0
CT,2020-01-30,0
EX,2020-01-30,0
GA,2020-01-30,0
IB,2020-01-30,0
MC,2020-01-30,0
MD,2020-01-30,1
ML,2020-01-30,0
NC,2020-01-30,0
PV,2020-01-30,0
RI,2020-01-30,0
VC,2020-01-30,0
AN,2020-01-31,0
AR,2020-01-31,0
AS,2020-01-31,0
CB,2020-01-31,0
CE,2020-01-31,0
CL,2020-01-31,0
CM,2020-01-31,0
CN,2020-01-31,0
CT,2020-01-31,0
EX,2020-01-31,0
GA,2020-01-31,0
IB,2020-01-31,0
MC,2020-01-31,0
MD,2020-01-31,4
ML,2020-01-31,0
NC,2020-01-31,0
PV,2020-01-31,0
RI,2020-01-31,0
VC,2020-01-31,4
AN,2020-02-01,2
AR,2020-02-01,0
AS,2020-02-01,0
CB,2020-02-01,0
CE,2020-02-01,0
CL,2020-02-01,0
CM,2020-02-01,0
CN,2020-02-01,0
CT,2020-02-01,4
EX,2020-02-01,0
GA,2020-02-01,0
IB,2020-02-01,0
MC,2020-02-01,0
MD,2020-02-01,8
ML,2020-02-01,0
NC,2020-02-01,0
PV,2020-02-01,0
RI,2020-02-01,0
VC,2020-02-01,1
AN,2020-02-02,2
AR,2020-02-02,0
AS,2020-02-02,0
CB,2020-02-02,0
CE,2020-02-02,0
CL,2020-02-02,0
CM,2020-02-02,0
CN,2020-02-02,1
CT,2020-02-02,1
EX,2020-02-02,2
GA,2020-02-02,1
IB,2020-02-02,0
MC,2020-02-02,0
MD,2020-02-02,6
ML,2020-02-02,0
NC,2020-02-02,0
PV,2020-02-02,0
RI,2020-02-02,0
VC,2020-02-02,0
AN,2020-02-03,1
AR,2020-02-03,0
AS,2020-02-03,0
CB,2020-02-03,0
CE,2020-02-03,0
CL,2020-02-03,1
CM,2020-02-03,0
CN,2020-02-03,0
CT,2020-02-03,1
EX,2020-02-03,0
GA,2020-02-03,1
IB,2020-02-03,0
MC,2020-02-03,0
MD,2020-02-03,6
ML,2020-02-03,0
NC,2020-02-03,0
PV,2020-02-03,0
RI,2020-02-03,1
VC,2020-02-03,5
AN,2020-02-04,1
AR,2020-02-04,0
AS,2020-02-04,0
CB,2020-02-04,0
CE,2020-02-04,0
CL,2020-02-04,1
CM,2020-02-04,0
CN,2020-02-04,1
CT,2020-02-04,3
EX,2020-02-04,0
GA,2020-02-04,1
IB,2020-02-04,0
MC,2020-02-04,0
MD,2020-02-04,3
ML,2020-02-04,0
NC,2020-02-04,0
PV,2020-02-04,0
RI,2020-02-04,0
VC,2020-02-04,1
AN,2020-02-05,1
AR,2020-02-05,0
AS,2020-02-05,0
CB,2020-02-05,0
CE,2020-02-05,1
CL,2020-02-05,1
CM,2020-02-05,0
CN,2020-02-05,0
CT,2020-02-05,1
EX,2020-02-05,0
GA,2020-02-05,1
IB,2020-02-05,0
MC,2020-02-05,1
MD,2020-02-05,3
ML,2020-02-05,0
NC,2020-02-05,0
PV,2020-02-05,0
RI,2020-02-05,0
VC,2020-02-05,2
AN,2020-02-06,2
AR,2020-02-06,0
AS,2020-02-06,0
CB,2020-02-06,0
CE,2020-02-06,0
CL,2020-02-06,0
CM,2020-02-06,0
CN,2020-02-06,0
CT,2020-02-06,1
EX,2020-02-06,0
GA,2020-02-06,0
IB,2020-02-06,0
MC,2020-02-06,0
MD,2020-02-06,4
ML,2020-02-06,0
NC,2020-02-06,0
PV,2020-02-06,0
RI,2020-02-06,0
VC,2020-02-06,1
AN,2020-02-07,2
AR,2020-02-07,0
AS,2020-02-07,0
CB,2020-02-07,0
CE,2020-02-07,0
CL,2020-02-07,1
CM,2020-02-07,0
CN,2020-02-07,0
CT,2020-02-07,2
EX,2020-02-07,0
GA,2020-02-07,0
IB,2020-02-07,0
MC,2020-02-07,0
MD,2020-02-07,10
ML,2020-02-07,0
NC,2020-02-07,0
PV,2020-02-07,0
RI,2020-02-07,0
VC,2020-02-07,0
AN,2020-02-08,0
AR,2020-02-08,0
AS,2020-02-08,0
CB,2020-02-08,0
CE,2020-02-08,0
CL,2020-02-08,0
CM,2020-02-08,0
CN,2020-02-08,0
CT,2020-02-08,0
EX,2020-02-08,1
GA,2020-02-08,0
IB,2020-02-08,0
MC,2020-02-08,0
MD,2020-02-08,8
ML,2020-02-08,0
NC,2020-02-08,0
PV,2020-02-08,0
RI,2020-02-08,0
VC,2020-02-08,0
AN,2020-02-09,1
AR,2020-02-09,0
AS,2020-02-09,0
CB,2020-02-09,0
CE,2020-02-09,0
CL,2020-02-09,0
CM,2020-02-09,0
CN,2020-02-09,0
CT,2020-02-09,2
EX,2020-02-09,0
GA,2020-02-09,0
IB,2020-02-09,0
MC,2020-02-09,0
MD,2020-02-09,2
ML,2020-02-09,0
NC,2020-02-09,0
PV,2020-02-09,1
RI,2020-02-09,0
VC,2020-02-09,0
AN,2020-02-10,1
AR,2020-02-10,0
AS,2020-02-10,0
CB,2020-02-10,0
CE,2020-02-10,0
CL,2020-02-10,1
CM,2020-02-10,0
CN,2020-02-10,0
CT,2020-02-10,4
EX,2020-02-10,0
GA,2020-02-10,0
IB,2020-02-10,2
MC,2020-02-10,1
MD,2020-02-10,10
ML,2020-02-10,0
NC,2020-02-10,0
PV,2020-02-10,0
RI,2020-02-10,0
VC,2020-02-10,4
AN,2020-02-11,1
AR,2020-02-11,0
AS,2020-02-11,0
CB,2020-02-11,0
CE,2020-02-11,0
CL,2020-02-11,1
CM,2020-02-11,0
CN,2020-02-11,0
CT,2020-02-11,2
EX,2020-02-11,0
GA,2020-02-11,0
IB,2020-02-11,0
MC,2020-02-11,0
MD,2020-02-11,8
ML,2020-02-11,0
NC,2020-02-11,0
PV,2020-02-11,0
RI,2020-02-11,0
VC,2020-02-11,1
AN,2020-02-12,1
AR,2020-02-12,0
AS,2020-02-12,0
CB,2020-02-12,0
CE,2020-02-12,0
CL,2020-02-12,2
CM,2020-02-12,0
CN,2020-02-12,1
CT,2020-02-12,4
EX,2020-02-12,0
GA,2020-02-12,0
IB,2020-02-12,0
MC,2020-02-12,0
MD,2020-02-12,9
ML,2020-02-12,0
NC,2020-02-12,0
PV,2020-02-12,1
RI,2020-02-12,0
VC,2020-02-12,1
AN,2020-02-13,2
AR,2020-02-13,0
AS,2020-02-13,0
CB,2020-02-13,0
CE,2020-02-13,1
CL,2020-02-13,3
CM,2020-02-13,0
CN,2020-02-13,0
CT,2020-02-13,10
EX,2020-02-13,1
GA,2020-02-13,0
IB,2020-02-13,0
MC,2020-02-13,0
MD,2020-02-13,15
ML,2020-02-13,0
NC,2020-02-13,0
PV,2020-02-13,0
RI,2020-02-13,0
VC,2020-02-13,2
AN,2020-02-14,1
AR,2020-02-14,0
AS,2020-02-14,0
CB,2020-02-14,0
CE,2020-02-14,0
CL,2020-02-14,1
CM,2020-02-14,0
CN,2020-02-14,1
CT,2020-02-14,2
EX,2020-02-14,1
GA,2020-02-14,0
IB,2020-02-14,1
MC,2020-02-14,1
MD,2020-02-14,12
ML,2020-02-14,0
NC,2020-02-14,0
PV,2020-02-14,0
RI,2020-02-14,0
VC,2020-02-14,2
AN,2020-02-15,4
AR,2020-02-15,0
AS,2020-02-15,0
CB,2020-02-15,0
CE,2020-02-15,0
CL,2020-02-15,0
CM,2020-02-15,0
CN,2020-02-15,0
CT,2020-02-15,8
EX,2020-02-15,2
GA,2020-02-15,0
IB,2020-02-15,0
MC,2020-02-15,0
MD,2020-02-15,14
ML,2020-02-15,0
NC,2020-02-15,0
PV,2020-02-15,2
RI,2020-02-15,0
VC,2020-02-15,5
AN,2020-02-16,0
AR,2020-02-16,1
AS,2020-02-16,0
CB,2020-02-16,0
CE,2020-02-16,0
CL,2020-02-16,0
CM,2020-02-16,0
CN,2020-02-16,2
CT,2020-02-16,4
EX,2020-02-16,0
GA,2020-02-16,1
IB,2020-02-16,0
MC,2020-02-16,0
MD,2020-02-16,14
ML,2020-02-16,0
NC,2020-02-16,0
PV,2020-02-16,1
RI,2020-02-16,0
VC,2020-02-16,1
AN,2020-02-17,2
AR,2020-02-17,1
AS,2020-02-17,0
CB,2020-02-17,0
CE,2020-02-17,0
CL,2020-02-17,0
CM,2020-02-17,0
CN,2020-02-17,0
CT,2020-02-17,2
EX,2020-02-17,1
GA,2020-02-17,0
IB,2020-02-17,0
MC,2020-02-17,3
MD,2020-02-17,19
ML,2020-02-17,0
NC,2020-02-17,0
PV,2020-02-17,2
RI,2020-02-17,0
VC,2020-02-17,6
AN,2020-02-18,3
AR,2020-02-18,1
AS,2020-02-18,0
CB,2020-02-18,0
CE,2020-02-18,0
CL,2020-02-18,1
CM,2020-02-18,0
CN,2020-02-18,1
CT,2020-02-18,5
EX,2020-02-18,0
GA,2020-02-18,1
IB,2020-02-18,0
MC,2020-02-18,1
MD,2020-02-18,14
ML,2020-02-18,0
NC,2020-02-18,0
PV,2020-02-18,0
RI,2020-02-18,0
VC,2020-02-18,2
AN,2020-02-19,1
AR,2020-02-19,0
AS,2020-02-19,0
CB,2020-02-19,0
CE,2020-02-19,0
CL,2020-02-19,1
CM,2020-02-19,0
CN,2020-02-19,1
CT,2020-02-19,1
EX,2020-02-19,1
GA,2020-02-19,1
IB,2020-02-19,0
MC,2020-02-19,1
MD,2020-02-19,12
ML,2020-02-19,0
NC,2020-02-19,0
PV,2020-02-19,1
RI,2020-02-19,0
VC,2020-02-19,2
AN,2020-02-20,8
AR,2020-02-20,0
AS,2020-02-20,0
CB,2020-02-20,0
CE,2020-02-20,0
CL,2020-02-20,3
CM,2020-02-20,2
CN,2020-02-20,1
CT,2020-02-20,11
EX,2020-02-20,1
GA,2020-02-20,3
IB,2020-02-20,1
MC,2020-02-20,0
MD,2020-02-20,22
ML,2020-02-20,0
NC,2020-02-20,0
PV,2020-02-20,0
RI,2020-02-20,0
VC,2020-02-20,7
AN,2020-02-21,5
AR,2020-02-21,1
AS,2020-02-21,0
CB,2020-02-21,0
CE,2020-02-21,0
CL,2020-02-21,4
CM,2020-02-21,0
CN,2020-02-21,0
CT,2020-02-21,12
EX,2020-02-21,1
GA,2020-02-21,0
IB,2020-02-21,0
MC,2020-02-21,0
MD,2020-02-21,27
ML,2020-02-21,0
NC,2020-02-21,0
PV,2020-02-21,3
RI,2020-02-21,1
VC,2020-02-21,3
AN,2020-02-22,2
AR,2020-02-22,3
AS,2020-02-22,0
CB,2020-02-22,0
CE,2020-02-22,0
CL,2020-02-22,2
CM,2020-02-22,0
CN,2020-02-22,0
CT,2020-02-22,11
EX,2020-02-22,0
GA,2020-02-22,3
IB,2020-02-22,0
MC,2020-02-22,1
MD,2020-02-22,29
ML,2020-02-22,0
NC,2020-02-22,0
PV,2020-02-22,3
RI,2020-02-22,0
VC,2020-02-22,3
AN,2020-02-23,2
AR,2020-02-23,2
AS,2020-02-23,1
CB,2020-02-23,0
CE,2020-02-23,0
CL,2020-02-23,5
CM,2020-02-23,0
CN,2020-02-23,2
CT,2020-02-23,10
EX,2020-02-23,0
GA,2020-02-23,0
IB,2020-02-23,0
MC,2020-02-23,1
MD,2020-02-23,44
ML,2020-02-23,0
NC,2020-02-23,1
PV,2020-02-23,1
RI,2020-02-23,1
VC,2020-02-23,5
AN,2020-02-24,6
AR,2020-02-24,2
AS,2020-02-24,0
CB,2020-02-24,2
CE,2020-02-24,0
CL,2020-02-24,5
CM,2020-02-24,5
CN,2020-02-24,0
CT,2020-02-24,14
EX,2020-02-24,0
GA,2020-02-24,1
IB,2020-02-24,0
MC,2020-02-24,2
MD,2020-02-24,55
ML,2020-02-24,0
NC,2020-02-24,3
PV,2020-02-24,5
RI,2020-02-24,2
VC,2020-02-24,15
AN,2020-02-25,9
AR,2020-02-25,2
AS,2020-02-25,1
CB,2020-02-25,5
CE,2020-02-25,0
CL,2020-02-25,6
CM,2020-02-25,5
CN,2020-02-25,2
CT,2020-02-25,19
EX,2020-02-25,5
GA,2020-02-25,2
IB,2020-02-25,0
MC,2020-02-25,3
MD,2020-02-25,48
ML,2020-02-25,0
NC,2020-02-25,1
PV,2020-02-25,11
RI,2020-02-25,2
VC,2020-02-25,10
AN,2020-02-26,9
AR,2020-02-26,2
AS,2020-02-26,0
CB,2020-02-26,0
CE,2020-02-26,0
CL,2020-02-26,8
CM,2020-02-26,6
CN,2020-02-26,7
CT,2020-02-26,30
EX,2020-02-26,1
GA,2020-02-26,3
IB,2020-02-26,1
MC,2020-02-26,1
MD,2020-02-26,69
ML,2020-02-26,0
NC,2020-02-26,0
PV,2020-02-26,10
RI,2020-02-26,4
VC,2020-02-26,8
AN,2020-02-27,11
AR,2020-02-27,0
AS,2020-02-27,0
CB,2020-02-27,2
CE,2020-02-27,0
CL,2020-02-27,7
CM,2020-02-27,9
CN,2020-02-27,1
CT,2020-02-27,14
EX,2020-02-27,3
GA,2020-02-27,7
IB,2020-02-27,4
MC,2020-02-27,1
MD,2020-02-27,89
ML,2020-02-27,0
NC,2020-02-27,3
PV,2020-02-27,14
RI,2020-02-27,9
VC,2020-02-27,13
AN,2020-02-28,8
AR,2020-02-28,3
AS,2020-02-28,1
CB,2020-02-28,1
CE,2020-02-28,0
CL,2020-02-28,11
CM,2020-02-28,12
CN,2020-02-28,8
CT,2020-02-28,37
EX,2020-02-28,7
GA,2020-02-28,5
IB,2020-02-28,4
MC,2020-02-28,3
MD,2020-02-28,157
ML,2020-02-28,0
NC,2020-02-28,2
PV,2020-02-28,33
RI,2020-02-28,10
VC,2020-02-28,26
AN,2020-02-29,9
AR,2020-02-29,6
AS,2020-02-29,2
CB,2020-02-29,3
CE,2020-02-29,0
CL,2020-02-29,10
CM,2020-02-29,14
CN,2020-02-29,5
CT,2020-02-29,26
EX,2020-02-29,5
GA,2020-02-29,1
IB,2020-02-29,2
MC,2020-02-29,3
MD,2020-02-29,106
ML,2020-02-29,0
NC,2020-02-29,2
PV,2020-02-29,24
RI,2020-02-29,13
VC,2020-02-29,16
AN,2020-03-01,33
AR,2020-03-01,7
AS,2020-03-01,2
CB,2020-03-01,2
CE,2020-03-01,0
CL,2020-03-01,32
CM,2020-03-01,61
CN,2020-03-01,7
CT,2020-03-01,82
EX,2020-03-01,5
GA,2020-03-01,6
IB,2020-03-01,4
MC,2020-03-01,5
MD,2020-03-01,316
ML,2020-03-01,0
NC,2020-03-01,3
PV,2020-03-01,47
RI,2020-03-01,22
VC,2020-03-01,42
AN,2020-03-02,33
AR,2020-03-02,12
AS,2020-03-02,3
CB,2020-03-02,5
CE,2020-03-02,0
CL,2020-03-02,44
CM,2020-03-02,59
CN,2020-03-02,12
CT,2020-03-02,79
EX,2020-03-02,7
GA,2020-03-02,20
IB,2020-03-02,6
MC,2020-03-02,8
MD,2020-03-02,371
ML,2020-03-02,0
NC,2020-03-02,7
PV,2020-03-02,54
RI,2020-03-02,29
VC,2020-03-02,41
AN,2020-03-03,40
AR,2020-03-03,7
AS,2020-03-03,2
CB,2020-03-03,4
CE,2020-03-03,2
CL,2020-03-03,28
CM,2020-03-03,46
CN,2020-03-03,9
CT,2020-03-03,83
EX,2020-03-03,9
GA,2020-03-03,18
IB,2020-03-03,7
MC,2020-03-03,6
MD,2020-03-03,385
ML,2020-03-03,0
NC,2020-03-03,9
PV,2020-03-03,57
RI,2020-03-03,28
VC,2020-03-03,29
AN,2020-03-04,34
AR,2020-03-04,14
AS,2020-03-04,2
CB,2020-03-04,0
CE,2020-03-04,0
CL,2020-03-04,35
CM,2020-03-04,64
CN,2020-03-04,14
CT,2020-03-04,143
EX,2020-03-04,9
GA,2020-03-04,13
IB,2020-03-04,5
MC,2020-03-04,11
MD,2020-03-04,451
ML,2020-03-04,0
NC,2020-03-04,9
PV,2020-03-04,64
RI,2020-03-04,26
VC,2020-03-04,35
AN,2020-03-05,61
AR,2020-03-05,11
AS,2020-03-05,5
CB,2020-03-05,12
CE,2020-03-05,1
CL,2020-03-05,55
CM,2020-03-05,77
CN,2020-03-05,16
CT,2020-03-05,170
EX,2020-03-05,6
GA,2020-03-05,19
IB,2020-03-05,12
MC,2020-03-05,12
MD,2020-03-05,635
ML,2020-03-05,1
NC,2020-03-05,15
PV,2020-03-05,75
RI,2020-03-05,27
VC,2020-03-05,54
AN,2020-03-06,73
AR,2020-03-06,16
AS,2020-03-06,12
CB,2020-03-06,9
CE,2020-03-06,0
CL,2020-03-06,57
CM,2020-03-06,104
CN,2020-03-06,25
CT,2020-03-06,265
EX,2020-03-06,20
GA,2020-03-06,26
IB,2020-03-06,10
MC,2020-03-06,11
MD,2020-03-06,771
ML,2020-03-06,1
NC,2020-03-06,19
PV,2020-03-06,79
RI,2020-03-06,45
VC,2020-03-06,79
AN,2020-03-07,77
AR,2020-03-07,20
AS,2020-03-07,12
CB,2020-03-07,11
CE,2020-03-07,0
CL,2020-03-07,82
CM,2020-03-07,143
CN,2020-03-07,19
CT,2020-03-07,291
EX,2020-03-07,16
GA,2020-03-07,35
IB,2020-03-07,7
MC,2020-03-07,20
MD,2020-03-07,808
ML,2020-03-07,3
NC,2020-03-07,41
PV,2020-03-07,89
RI,2020-03-07,39
VC,2020-03-07,77
AN,2020-03-08,87
AR,2020-03-08,36
AS,2020-03-08,14
CB,2020-03-08,16
CE,2020-03-08,1
CL,2020-03-08,79
CM,2020-03-08,163
CN,2020-03-08,35
CT,2020-03-08,328
EX,2020-03-08,19
GA,2020-03-08,33
IB,2020-03-08,14
MC,2020-03-08,19
MD,2020-03-08,1034
ML,2020-03-08,1
NC,2020-03-08,38
PV,2020-03-08,99
RI,2020-03-08,40
VC,2020-03-08,113
AN,2020-03-09,169
AR,2020-03-09,35
AS,2020-03-09,32
CB,2020-03-09,18
CE,2020-03-09,1
CL,2020-03-09,166
CM,2020-03-09,215
CN,2020-03-09,46
CT,2020-03-09,558
EX,2020-03-09,36
GA,2020-03-09,79
IB,2020-03-09,17
MC,2020-03-09,32
MD,2020-03-09,1470
ML,2020-03-09,2
NC,2020-03-09,79
PV,2020-03-09,139
RI,2020-03-09,60
VC,2020-03-09,183
AN,2020-03-10,220
AR,2020-03-10,52
AS,2020-03-10,52
CB,2020-03-10,20
CE,2020-03-10,1
CL,2020-03-10,213
CM,2020-03-10,298
CN,2020-03-10,55
CT,2020-03-10,768
EX,2020-03-10,45
GA,2020-03-10,113
IB,2020-03-10,36
MC,2020-03-10,62
MD,2020-03-10,1927
ML,2020-03-10,5
NC,2020-03-10,81
PV,2020-03-10,220
RI,2020-03-10,88
VC,2020-03-10,284
AN,2020-03-11,262
AR,2020-03-11,66
AS,2020-03-11,43
CB,2020-03-11,23
CE,2020-03-11,3
CL,2020-03-11,250
CM,2020-03-11,324
CN,2020-03-11,60
CT,2020-03-11,764
EX,2020-03-11,74
GA,2020-03-11,129
IB,2020-03-11,42
MC,2020-03-11,72
MD,2020-03-11,1915
ML,2020-03-11,4
NC,2020-03-11,97
PV,2020-03-11,222
RI,2020-03-11,70
VC,2020-03-11,292
AN,2020-03-12,316
AR,2020-03-12,80
AS,2020-03-12,57
CB,2020-03-12,45
CE,2020-03-12,1
CL,2020-03-12,339
CM,2020-03-12,456
CN,2020-03-12,73
CT,2020-03-12,1003
EX,2020-03-12,88
GA,2020-03-12,178
IB,2020-03-12,42
MC,2020-03-12,60
MD,2020-03-12,2295
ML,2020-03-12,3
NC,2020-03-12,138
PV,2020-03-12,261
RI,2020-03-12,74
VC,2020-03-12,378
AN,2020-03-13,482
AR,2020-03-13,106
AS,2020-03-13,69
CB,2020-03-13,46
CE,2020-03-13,6
CL,2020-03-13,501
CM,2020-03-13,623
CN,2020-03-13,109
CT,2020-03-13,1335
EX,2020-03-13,95
GA,2020-03-13,240
IB,2020-03-13,61
MC,2020-03-13,104
MD,2020-03-13,2762
ML,2020-03-13,10
NC,2020-03-13,128
PV,2020-03-13,399
RI,2020-03-13,107
VC,2020-03-13,488
AN,2020-03-14,418
AR,2020-03-14,110
AS,2020-03-14,81
CB,2020-03-14,63
CE,2020-03-14,4
CL,2020-03-14,519
CM,2020-03-14,613
CN,2020-03-14,96
CT,2020-03-14,1318
EX,2020-03-14,89
GA,2020-03-14,240
IB,2020-03-14,71
MC,2020-03-14,107
MD,2020-03-14,2432
ML,2020-03-14,4
NC,2020-03-14,136
PV,2020-03-14,409
RI,2020-03-14,138
VC,2020-03-14,493
AN,2020-03-15,442
AR,2020-03-15,124
AS,2020-03-15,89
CB,2020-03-15,92
CE,2020-03-15,2
CL,2020-03-15,527
CM,2020-03-15,775
CN,2020-03-15,94
CT,2020-03-15,1313
EX,2020-03-15,85
GA,2020-03-15,275
IB,2020-03-15,85
MC,2020-03-15,94
MD,2020-03-15,2570
ML,2020-03-15,3
NC,2020-03-15,136
PV,2020-03-15,416
RI,2020-03-15,111
VC,2020-03-15,500
AN,2020-03-16,565
AR,2020-03-16,164
AS,2020-03-16,106
CB,2020-03-16,102
CE,2020-03-16,6
CL,2020-03-16,774
CM,2020-03-16,807
CN,2020-03-16,132
CT,2020-03-16,1657
EX,2020-03-16,116
GA,2020-03-16,390
IB,2020-03-16,88
MC,2020-03-16,128
MD,2020-03-16,2900
ML,2020-03-16,6
NC,2020-03-16,109
PV,2020-03-16,572
RI,2020-03-16,156
VC,2020-03-16,607
AN,2020-03-17,570
AR,2020-03-17,161
AS,2020-03-17,80
CB,2020-03-17,99
CE,2020-03-17,5
CL,2020-03-17,724
CM,2020-03-17,737
CN,2020-03-17,90
CT,2020-03-17,1562
EX,2020-03-17,108
GA,2020-03-17,331
IB,2020-03-17,82
MC,2020-03-17,103
MD,2020-03-17,2716
ML,2020-03-17,3
NC,2020-03-17,172
PV,2020-03-17,516
RI,2020-03-17,123
VC,2020-03-17,533
AN,2020-03-18,531
AR,2020-03-18,167
AS,2020-03-18,91
CB,2020-03-18,70
CE,2020-03-18,6
CL,2020-03-18,810
CM,2020-03-18,805
CN,2020-03-18,116
CT,2020-03-18,1694
EX,2020-03-18,125
GA,2020-03-18,317
IB,2020-03-18,81
MC,2020-03-18,119
MD,2020-03-18,2531
ML,2020-03-18,6
NC,2020-03-18,175
PV,2020-03-18,521
RI,2020-03-18,142
VC,2020-03-18,508
AN,2020-03-19,553
AR,2020-03-19,165
AS,2020-03-19,101
CB,2020-03-19,106
CE,2020-03-19,5
CL,2020-03-19,861
CM,2020-03-19,748
CN,2020-03-19,77
CT,2020-03-19,1595
EX,2020-03-19,126
GA,2020-03-19,311
IB,2020-03-19,105
MC,2020-03-19,114
MD,2020-03-19,2304
ML,2020-03-19,6
NC,2020-03-19,182
PV,2020-03-19,441
RI,2020-03-19,167
VC,2020-03-19,478
AN,2020-03-20,781
AR,2020-03-20,237
AS,2020-03-20,83
CB,2020-03-20,119
CE,2020-03-20,7
CL,2020-03-20,940
CM,2020-03-20,940
CN,2020-03-20,117
CT,2020-03-20,1842
EX,2020-03-20,171
GA,2020-03-20,470
IB,2020-03-20,97
MC,2020-03-20,122
MD,2020-03-20,2826
ML,2020-03-20,4
NC,2020-03-20,197
PV,2020-03-20,577
RI,2020-03-20,191
VC,2020-03-20,548
AN,2020-03-21,546
AR,2020-03-21,180
AS,2020-03-21,68
CB,2020-03-21,81
CE,2020-03-21,7
CL,2020-03-21,759
CM,2020-03-21,626
CN,2020-03-21,85
CT,2020-03-21,1454
EX,2020-03-21,128
GA,2020-03-21,266
IB,2020-03-21,62
MC,2020-03-21,82
MD,2020-03-21,1828
ML,2020-03-21,3
NC,2020-03-21,139
PV,2020-03-21,416
RI,2020-03-21,133
VC,2020-03-21,447
AN,2020-03-22,518
AR,2020-03-22,170
AS,2020-03-22,75
CB,2020-03-22,86
CE,2020-03-22,7
CL,2020-03-22,703
CM,2020-03-22,687
CN,2020-03-22,76
CT,2020-03-22,1308
EX,2020-03-22,132
GA,2020-03-22,249
IB,2020-03-22,91
MC,2020-03-22,79
MD,2020-03-22,1566
ML,2020-03-22,5
NC,2020-03-22,122
PV,2020-03-22,377
RI,2020-03-22,109
VC,2020-03-22,390
AN,2020-03-23,557
AR,2020-03-23,258
AS,2020-03-23,70
CB,2020-03-23,105
CE,2020-03-23,9
CL,2020-03-23,769
CM,2020-03-23,771
CN,2020-03-23,95
CT,2020-03-23,1472
EX,2020-03-23,246
GA,2020-03-23,372
IB,2020-03-23,82
MC,2020-03-23,128
MD,2020-03-23,2076
ML,2020-03-23,5
NC,2020-03-23,170
PV,2020-03-23,468
RI,2020-03-23,158
VC,2020-03-23,450
AN,2020-03-24,487
AR,2020-03-24,188
AS,2020-03-24,58
CB,2020-03-24,56
CE,2020-03-24,8
CL,2020-03-24,663
CM,2020-03-24,640
CN,2020-03-24,63
CT,2020-03-24,1426
EX,2020-03-24,162
GA,2020-03-24,290
IB,2020-03-24,66
MC,2020-03-24,77
MD,2020-03-24,1837
ML,2020-03-24,1
NC,2020-03-24,180
PV,2020-03-24,383
RI,2020-03-24,118
VC,2020-03-24,330
AN,2020-03-25,519
AR,2020-03-25,184
AS,2020-03-25,57
CB,2020-03-25,44
CE,2020-03-25,9
CL,2020-03-25,693
CM,2020-03-25,661
CN,2020-03-25,55
CT,2020-03-25,1323
EX,2020-03-25,152
GA,2020-03-25,284
IB,2020-03-25,84
MC,2020-03-25,84
MD,2020-03-25,1651
ML,2020-03-25,4
NC,2020-03-25,174
PV,2020-03-25,396
RI,2020-03-25,129
VC,2020-03-25,406
AN,2020-03-26,466
AR,2020-03-26,170
AS,2020-03-26,77
CB,2020-03-26,35
CE,2020-03-26,5
CL,2020-03-26,550
CM,2020-03-26,574
CN,2020-03-26,62
CT,2020-03-26,1376
EX,2020-03-26,138
GA,2020-03-26,293
IB,2020-03-26,73
MC,2020-03-26,46
MD,2020-03-26,3136
ML,2020-03-26,6
NC,2020-03-26,168
PV,2020-03-26,344
RI,2020-03-26,114
VC,2020-03-26,303
AN,2020-03-27,420
AR,2020-03-27,212
AS,2020-03-27,70
CB,2020-03-27,61
CE,2020-03-27,2
CL,2020-03-27,523
CM,2020-03-27,504
CN,2020-03-27,71
CT,2020-03-27,1234
EX,2020-03-27,109
GA,2020-03-27,307
IB,2020-03-27,40
MC,2020-03-27,51
MD,2020-03-27,1390
ML,2020-03-27,5
NC,2020-03-27,141
PV,2020-03-27,403
RI,2020-03-27,128
VC,2020-03-27,327
AN,2020-03-28,325
AR,2020-03-28,145
AS,2020-03-28,50
CB,2020-03-28,54
CE,2020-03-28,5
CL,2020-03-28,517
CM,2020-03-28,410
CN,2020-03-28,36
CT,2020-03-28,1307
EX,2020-03-28,94
GA,2020-03-28,331
IB,2020-03-28,36
MC,2020-03-28,40
MD,2020-03-28,1176
ML,2020-03-28,4
NC,2020-03-28,122
PV,2020-03-28,299
RI,2020-03-28,100
VC,2020-03-28,244
AN,2020-03-29,340
AR,2020-03-29,138
AS,2020-03-29,39
CB,2020-03-29,41
CE,2020-03-29,7
CL,2020-03-29,422
CM,2020-03-29,376
CN,2020-03-29,42
CT,2020-03-29,1040
EX,2020-03-29,62
GA,2020-03-29,199
IB,2020-03-29,37
MC,2020-03-29,34
MD,2020-03-29,819
ML,2020-03-29,5
NC,2020-03-29,96
PV,2020-03-29,268
RI,2020-03-29,87
VC,2020-03-29,218
AN,2020-03-30,337
AR,2020-03-30,122
AS,2020-03-30,43
CB,2020-03-30,44
CE,2020-03-30,5
CL,2020-03-30,495
CM,2020-03-30,536
CN,2020-03-30,51
CT,2020-03-30,1182
EX,2020-03-30,106
GA,2020-03-30,278
IB,2020-03-30,66
MC,2020-03-30,41
MD,2020-03-30,1051
ML,2020-03-30,3
NC,2020-03-30,171
PV,2020-03-30,310
RI,2020-03-30,117
VC,2020-03-30,254
AN,2020-03-31,252
AR,2020-03-31,118
AS,2020-03-31,42
CB,2020-03-31,24
CE,2020-03-31,2
CL,2020-03-31,399
CM,2020-03-31,400
CN,2020-03-31,28
CT,2020-03-31,1115
EX,2020-03-31,61
GA,2020-03-31,172
IB,2020-03-31,48
MC,2020-03-31,29
MD,2020-03-31,1037
ML,2020-03-31,3
NC,2020-03-31,92
PV,2020-03-31,262
RI,2020-03-31,108
VC,2020-03-31,180
AN,2020-04-01,345
AR,2020-04-01,158
AS,2020-04-01,29
CB,2020-04-01,67
CE,2020-04-01,8
CL,2020-04-01,556
CM,2020-04-01,456
CN,2020-04-01,50
CT,2020-04-01,1272
EX,2020-04-01,135
GA,2020-04-01,233
IB,2020-04-01,84
MC,2020-04-01,28
MD,2020-04-01,1266
ML,2020-04-01,5
NC,2020-04-01,127
PV,2020-04-01,295
RI,2020-04-01,109
VC,2020-04-01,234
AN,2020-04-02,264
AR,2020-04-02,129
AS,2020-04-02,59
CB,2020-04-02,43
CE,2020-04-02,2
CL,2020-04-02,516
CM,2020-04-02,358
CN,2020-04-02,35
CT,2020-04-02,1073
EX,2020-04-02,76
GA,2020-04-02,263
IB,2020-04-02,35
MC,2020-04-02,31
MD,2020-04-02,959
ML,2020-04-02,3
NC,2020-04-02,119
PV,2020-04-02,274
RI,2020-04-02,100
VC,2020-04-02,213
AN,2020-04-03,199
AR,2020-04-03,111
AS,2020-04-03,39
CB,2020-04-03,29
CE,2020-04-03,2
CL,2020-04-03,565
CM,2020-04-03,343
CN,2020-04-03,17
CT,2020-04-03,1206
EX,2020-04-03,106
GA,2020-04-03,208
IB,2020-04-03,47
MC,2020-04-03,25
MD,2020-04-03,897
ML,2020-04-03,4
NC,2020-04-03,112
PV,2020-04-03,327
RI,2020-04-03,79
VC,2020-04-03,200
AN,2020-04-04,317
AR,2020-04-04,91
AS,2020-04-04,45
CB,2020-04-04,67
CE,2020-04-04,2
CL,2020-04-04,570
CM,2020-04-04,377
CN,2020-04-04,28
CT,2020-04-04,952
EX,2020-04-04,75
GA,2020-04-04,132
IB,2020-04-04,25
MC,2020-04-04,21
MD,2020-04-04,692
ML,2020-04-04,3
NC,2020-04-04,126
PV,2020-04-04,196
RI,2020-04-04,56
VC,2020-04-04,148
AN,2020-04-05,276
AR,2020-04-05,97
AS,2020-04-05,43
CB,2020-04-05,38
CE,2020-04-05,2
CL,2020-04-05,388
CM,2020-04-05,463
CN,2020-04-05,17
CT,2020-04-05,839
EX,2020-04-05,52
GA,2020-04-05,113
IB,2020-04-05,30
MC,2020-04-05,29
MD,2020-04-05,619
ML,2020-04-05,1
NC,2020-04-05,81
PV,2020-04-05,236
RI,2020-04-05,36
VC,2020-04-05,119
AN,2020-04-06,187
AR,2020-04-06,117
AS,2020-04-06,41
CB,2020-04-06,28
CE,2020-04-06,3
CL,2020-04-06,590
CM,2020-04-06,417
CN,2020-04-06,13
CT,2020-04-06,800
EX,2020-04-06,78
GA,2020-04-06,182
IB,2020-04-06,26
MC,2020-04-06,15
MD,2020-04-06,619
ML,2020-04-06,0
NC,2020-04-06,146
PV,2020-04-06,318
RI,2020-04-06,41
VC,2020-04-06,188
AN,2020-04-07,268
AR,2020-04-07,104
AS,2020-04-07,46
CB,2020-04-07,21
CE,2020-04-07,2
CL,2020-04-07,428
CM,2020-04-07,354
CN,2020-04-07,27
CT,2020-04-07,737
EX,2020-04-07,72
GA,2020-04-07,152
IB,2020-04-07,19
MC,2020-04-07,10
MD,2020-04-07,680
ML,2020-04-07,2
NC,2020-04-07,78
PV,2020-04-07,265
RI,2020-04-07,52
VC,2020-04-07,166
AN,2020-04-08,250
AR,2020-04-08,117
AS,2020-04-08,46
CB,2020-04-08,29
CE,2020-04-08,1
CL,2020-04-08,505
CM,2020-04-08,356
CN,2020-04-08,16
CT,2020-04-08,1003
EX,2020-04-08,82
GA,2020-04-08,147
IB,2020-04-08,23
MC,2020-04-08,40
MD,2020-04-08,669
ML,2020-04-08,0
NC,2020-04-08,79
PV,2020-04-08,251
RI,2020-04-08,45
VC,2020-04-08,162
AN,2020-04-09,137
AR,2020-04-09,131
AS,2020-04-09,45
CB,2020-04-09,27
CE,2020-04-09,3
CL,2020-04-09,535
CM,2020-04-09,362
CN,2020-04-09,26
CT,2020-04-09,1038
EX,2020-04-09,76
GA,2020-04-09,157
IB,2020-04-09,11
MC,2020-04-09,26
MD,2020-04-09,613
ML,2020-04-09,0
NC,2020-04-09,113
PV,2020-04-09,220
RI,2020-04-09,46
VC,2020-04-09,172
AN,2020-04-10,215
AR,2020-04-10,92
AS,2020-04-10,55
CB,2020-04-10,31
CE,2020-04-10,1
CL,2020-04-10,556
CM,2020-04-10,308
CN,2020-04-10,14
CT,2020-04-10,989
EX,2020-04-10,95
GA,2020-04-10,77
IB,2020-04-10,21
MC,2020-04-10,12
MD,2020-04-10,689
ML,2020-04-10,1
NC,2020-04-10,86
PV,2020-04-10,205
RI,2020-04-10,40
VC,2020-04-10,135
AN,2020-04-11,161
AR,2020-04-11,69
AS,2020-04-11,52
CB,2020-04-11,38
CE,2020-04-11,2
CL,2020-04-11,477
CM,2020-04-11,155
CN,2020-04-11,14
CT,2020-04-11,1048
EX,2020-04-11,71
GA,2020-04-11,64
IB,2020-04-11,15
MC,2020-04-11,12
MD,2020-04-11,564
ML,2020-04-11,0
NC,2020-04-11,97
PV,2020-04-11,140
RI,2020-04-11,25
VC,2020-04-11,113
AN,2020-04-12,127
AR,2020-04-12,53
AS,2020-04-12,21
CB,2020-04-12,61
CE,2020-04-12,0
CL,2020-04-12,322
CM,2020-04-12,239
CN,2020-04-12,7
CT,2020-04-12,673
EX,2020-04-12,47
GA,2020-04-12,66
IB,2020-04-12,15
MC,2020-04-12,11
MD,2020-04-12,489
ML,2020-04-12,1
NC,2020-04-12,101
PV,2020-04-12,159
RI,2020-04-12,22
VC,2020-04-12,86
AN,2020-04-13,109
AR,2020-04-13,99
AS,2020-04-13,31
CB,2020-04-13,46
CE,2020-04-13,2
CL,2020-04-13,501
CM,2020-04-13,338
CN,2020-04-13,13
CT,2020-04-13,584
EX,2020-04-13,66
GA,2020-04-13,108
IB,2020-04-13,15
MC,2020-04-13,7
MD,2020-04-13,370
ML,2020-04-13,1
NC,2020-04-13,99
PV,2020-04-13,109
RI,2020-04-13,28
VC,2020-04-13,100
AN,2020-04-14,207
AR,2020-04-14,69
AS,2020-04-14,29
CB,2020-04-14,35
CE,2020-04-14,0
CL,2020-04-14,457
CM,2020-04-14,228
CN,2020-04-14,13
CT,2020-04-14,712
EX,2020-04-14,87
GA,2020-04-14,98
IB,2020-04-14,10
MC,2020-04-14,7
MD,2020-04-14,477
ML,2020-04-14,0
NC,2020-04-14,110
PV,2020-04-14,92
RI,2020-04-14,24
VC,2020-04-14,95
AN,2020-04-15,222
AR,2020-04-15,102
AS,2020-04-15,42
CB,2020-04-15,39
CE,2020-04-15,0
CL,2020-04-15,344
CM,2020-04-15,177
CN,2020-04-15,15
CT,2020-04-15,745
EX,2020-04-15,96
GA,2020-04-15,197
IB,2020-04-15,8
MC,2020-04-15,9
MD,2020-04-15,479
ML,2020-04-15,0
NC,2020-04-15,106
PV,2020-04-15,104
RI,2020-04-15,16
VC,2020-04-15,145
AN,2020-04-16,175
AR,2020-04-16,80
AS,2020-04-16,11
CB,2020-04-16,54
CE,2020-04-16,1
CL,2020-04-16,292
CM,2020-04-16,124
CN,2020-04-16,15
CT,2020-04-16,708
EX,2020-04-16,65
GA,2020-04-16,104
IB,2020-04-16,14
MC,2020-04-16,1
MD,2020-04-16,565
ML,2020-04-16,0
NC,2020-04-16,106
PV,2020-04-16,136
RI,2020-04-16,29
VC,2020-04-16,128
AN,2020-04-17,142
AR,2020-04-17,80
AS,2020-04-17,18
CB,2020-04-17,64
CE,2020-04-17,1
CL,2020-04-17,203
CM,2020-04-17,140
CN,2020-04-17,8
CT,2020-04-17,606
EX,2020-04-17,95
GA,2020-04-17,97
IB,2020-04-17,11
MC,2020-04-17,6
MD,2020-04-17,348
ML,2020-04-17,0
NC,2020-04-17,160
PV,2020-04-17,153
RI,2020-04-17,24
VC,2020-04-17,167
AN,2020-04-18,135
AR,2020-04-18,56
AS,2020-04-18,9
CB,2020-04-18,38
CE,2020-04-18,1
CL,2020-04-18,169
CM,2020-04-18,102
CN,2020-04-18,9
CT,2020-04-18,454
EX,2020-04-18,93
GA,2020-04-18,108
IB,2020-04-18,14
MC,2020-04-18,5
MD,2020-04-18,450
ML,2020-04-18,0
NC,2020-04-18,163
PV,2020-04-18,109
RI,2020-04-18,17
VC,2020-04-18,186
AN,2020-04-19,79
AR,2020-04-19,42
AS,2020-04-19,5
CB,2020-04-19,19
CE,2020-04-19,0
CL,2020-04-19,216
CM,2020-04-19,107
CN,2020-04-19,15
CT,2020-04-19,270
EX,2020-04-19,47
GA,2020-04-19,56
IB,2020-04-19,10
MC,2020-04-19,4
MD,2020-04-19,261
ML,2020-04-19,0
NC,2020-04-19,82
PV,2020-04-19,53
RI,2020-04-19,14
VC,2020-04-19,74
AN,2020-04-20,73
AR,2020-04-20,62
AS,2020-04-20,8
CB,2020-04-20,25
CE,2020-04-20,1
CL,2020-04-20,258
CM,2020-04-20,140
CN,2020-04-20,16
CT,2020-04-20,356
EX,2020-04-20,49
GA,2020-04-20,82
IB,2020-04-20,18
MC,2020-04-20,2
MD,2020-04-20,258
ML,2020-04-20,2
NC,2020-04-20,58
PV,2020-04-20,77
RI,2020-04-20,9
VC,2020-04-20,67
AN,2020-04-21,156
AR,2020-04-21,126
AS,2020-04-21,13
CB,2020-04-21,38
CE,2020-04-21,2
CL,2020-04-21,279
CM,2020-04-21,147
CN,2020-04-21,7
CT,2020-04-21,207
EX,2020-04-21,65
GA,2020-04-21,60
IB,2020-04-21,11
MC,2020-04-21,5
MD,2020-04-21,432
ML,2020-04-21,0
NC,2020-04-21,177
PV,2020-04-21,97
RI,2020-04-21,6
VC,2020-04-21,201
AN,2020-04-22,134
AR,2020-04-22,94
AS,2020-04-22,7
CB,2020-04-22,52
CE,2020-04-22,3
CL,2020-04-22,252
CM,2020-04-22,153
CN,2020-04-22,7
CT,2020-04-22,323
EX,2020-04-22,84
GA,2020-04-22,75
IB,2020-04-22,8
MC,2020-04-22,8
MD,2020-04-22,451
ML,2020-04-22,1
NC,2020-04-22,204
PV,2020-04-22,109
RI,2020-04-22,15
VC,2020-04-22,145
AN,2020-04-23,168
AR,2020-04-23,38
AS,2020-04-23,9
CB,2020-04-23,69
CE,2020-04-23,3
CL,2020-04-23,212
CM,2020-04-23,84
CN,2020-04-23,5
CT,2020-04-23,268
EX,2020-04-23,84
GA,2020-04-23,89
IB,2020-04-23,5
MC,2020-04-23,11
MD,2020-04-23,365
ML,2020-04-23,0
NC,2020-04-23,202
PV,2020-04-23,101
RI,2020-04-23,13
VC,2020-04-23,197
AN,2020-04-24,162
AR,2020-04-24,85
AS,2020-04-24,16
CB,2020-04-24,43
CE,2020-04-24,1
CL,2020-04-24,290
CM,2020-04-24,56
CN,2020-04-24,11
CT,2020-04-24,269
EX,2020-04-24,111
GA,2020-04-24,69
IB,2020-04-24,9
MC,2020-04-24,4
MD,2020-04-24,230
ML,2020-04-24,1
NC,2020-04-24,189
PV,2020-04-24,116
RI,2020-04-24,4
VC,2020-04-24,215
AN,2020-04-25,53
AR,2020-04-25,33
AS,2020-04-25,2
CB,2020-04-25,29
CE,2020-04-25,1
CL,2020-04-25,137
CM,2020-04-25,47
CN,2020-04-25,4
CT,2020-04-25,168
EX,2020-04-25,88
GA,2020-04-25,34
IB,2020-04-25,11
MC,2020-04-25,3
MD,2020-04-25,125
ML,2020-04-25,1
NC,2020-04-25,51
PV,2020-04-25,49
RI,2020-04-25,5
VC,2020-04-25,117
AN,2020-04-26,37
AR,2020-04-26,25
AS,2020-04-26,4
CB,2020-04-26,6
CE,2020-04-26,0
CL,2020-04-26,108
CM,2020-04-26,91
CN,2020-04-26,2
CT,2020-04-26,136
EX,2020-04-26,27
GA,2020-04-26,20
IB,2020-04-26,0
MC,2020-04-26,6
MD,2020-04-26,119
ML,2020-04-26,0
NC,2020-04-26,17
PV,2020-04-26,59
RI,2020-04-26,4
VC,2020-04-26,38
AN,2020-04-27,40
AR,2020-04-27,64
AS,2020-04-27,7
CB,2020-04-27,2
CE,2020-04-27,1
CL,2020-04-27,132
CM,2020-04-27,106
CN,2020-04-27,3
CT,2020-04-27,130
EX,2020-04-27,20
GA,2020-04-27,27
IB,2020-04-27,3
MC,2020-04-27,1
MD,2020-04-27,180
ML,2020-04-27,0
NC,2020-04-27,14
PV,2020-04-27,27
RI,2020-04-27,4
VC,2020-04-27,51
AN,2020-04-28,127
AR,2020-04-28,254
AS,2020-04-28,11
CB,2020-04-28,13
CE,2020-04-28,2
CL,2020-04-28,323
CM,2020-04-28,90
CN,2020-04-28,4
CT,2020-04-28,148
EX,2020-04-28,22
GA,2020-04-28,20
IB,2020-04-28,5
MC,2020-04-28,16
MD,2020-04-28,224
ML,2020-04-28,0
NC,2020-04-28,0
PV,2020-04-28,17
RI,2020-04-28,10
VC,2020-04-28,124
AN,2020-04-29,162
AR,2020-04-29,156
AS,2020-04-29,6
CB,2020-04-29,20
CE,2020-04-29,4
CL,2020-04-29,243
CM,2020-04-29,68
CN,2020-04-29,4
CT,2020-04-29,147
EX,2020-04-29,53
GA,2020-04-29,43
IB,2020-04-29,3
MC,2020-04-29,9
MD,2020-04-29,208
ML,2020-04-29,1
NC,2020-04-29,1
PV,2020-04-29,19
RI,2020-04-29,5
VC,2020-04-29,135
AN,2020-04-30,121
AR,2020-04-30,84
AS,2020-04-30,10
CB,2020-04-30,16
CE,2020-04-30,0
CL,2020-04-30,235
CM,2020-04-30,75
CN,2020-04-30,4
CT,2020-04-30,187
EX,2020-04-30,89
GA,2020-04-30,25
IB,2020-04-30,5
MC,2020-04-30,23
MD,2020-04-30,172
ML,2020-04-30,1
NC,2020-04-30,0
PV,2020-04-30,5
RI,2020-04-30,2
VC,2020-04-30,125
AN,2020-05-01,94
AR,2020-05-01,22
AS,2020-05-01,1
CB,2020-05-01,32
CE,2020-05-01,1
CL,2020-05-01,328
CM,2020-05-01,19
CN,2020-05-01,9
CT,2020-05-01,157
EX,2020-05-01,101
GA,2020-05-01,17
IB,2020-05-01,9
MC,2020-05-01,8
MD,2020-05-01,184
ML,2020-05-01,0
NC,2020-05-01,0
PV,2020-05-01,4
RI,2020-05-01,1
VC,2020-05-01,84
AN,2020-05-02,81
AR,2020-05-02,23
AS,2020-05-02,3
CB,2020-05-02,6
CE,2020-05-02,2
CL,2020-05-02,339
CM,2020-05-02,12
CN,2020-05-02,4
CT,2020-05-02,155
EX,2020-05-02,57
GA,2020-05-02,23
IB,2020-05-02,3
MC,2020-05-02,17
MD,2020-05-02,162
ML,2020-05-02,0
NC,2020-05-02,0
PV,2020-05-02,3
RI,2020-05-02,2
VC,2020-05-02,61
AN,2020-05-03,26
AR,2020-05-03,20
AS,2020-05-03,2
CB,2020-05-03,3
CE,2020-05-03,0
CL,2020-05-03,116
CM,2020-05-03,44
CN,2020-05-03,0
CT,2020-05-03,135
EX,2020-05-03,12
GA,2020-05-03,9
IB,2020-05-03,4
MC,2020-05-03,4
MD,2020-05-03,71
ML,2020-05-03,0
NC,2020-05-03,2
PV,2020-05-03,4
RI,2020-05-03,2
VC,2020-05-03,42
AN,2020-05-04,43
AR,2020-05-04,82
AS,2020-05-04,4
CB,2020-05-04,1
CE,2020-05-04,0
CL,2020-05-04,85
CM,2020-05-04,14
CN,2020-05-04,3
CT,2020-05-04,105
EX,2020-05-04,20
GA,2020-05-04,13
IB,2020-05-04,1
MC,2020-05-04,2
MD,2020-05-04,90
ML,2020-05-04,0
NC,2020-05-04,2
PV,2020-05-04,0
RI,2020-05-04,2
VC,2020-05-04,20
AN,2020-05-05,40
AR,2020-05-05,67
AS,2020-05-05,7
CB,2020-05-05,6
CE,2020-05-05,1
CL,2020-05-05,47
CM,2020-05-05,20
CN,2020-05-05,4
CT,2020-05-05,88
EX,2020-05-05,38
GA,2020-05-05,10
IB,2020-05-05,10
MC,2020-05-05,3
MD,2020-05-05,169
ML,2020-05-05,0
NC,2020-05-05,5
PV,2020-05-05,17
RI,2020-05-05,0
VC,2020-05-05,34
AN,2020-05-06,40
AR,2020-05-06,71
AS,2020-05-06,4
CB,2020-05-06,5
CE,2020-05-06,2
CL,2020-05-06,40
CM,2020-05-06,21
CN,2020-05-06,3
CT,2020-05-06,81
EX,2020-05-06,39
GA,2020-05-06,25
IB,2020-05-06,5
MC,2020-05-06,5
MD,2020-05-06,175
ML,2020-05-06,0
NC,2020-05-06,1
PV,2020-05-06,12
RI,2020-05-06,3
VC,2020-05-06,22
AN,2020-05-07,30
AR,2020-05-07,67
AS,2020-05-07,4
CB,2020-05-07,0
CE,2020-05-07,1
CL,2020-05-07,62
CM,2020-05-07,34
CN,2020-05-07,3
CT,2020-05-07,143
EX,2020-05-07,52
GA,2020-05-07,10
IB,2020-05-07,11
MC,2020-05-07,4
MD,2020-05-07,161
ML,2020-05-07,0
NC,2020-05-07,7
PV,2020-05-07,18
RI,2020-05-07,3
VC,2020-05-07,26
AN,2020-05-08,23
AR,2020-05-08,59
AS,2020-05-08,5
CB,2020-05-08,2
CE,2020-05-08,0
CL,2020-05-08,57
CM,2020-05-08,26
CN,2020-05-08,2
CT,2020-05-08,167
EX,2020-05-08,32
GA,2020-05-08,8
IB,2020-05-08,7
MC,2020-05-08,3
MD,2020-05-08,148
ML,2020-05-08,0
NC,2020-05-08,22
PV,2020-05-08,17
RI,2020-05-08,3
VC,2020-05-08,18
AN,2020-05-09,20
AR,2020-05-09,16
AS,2020-05-09,4
CB,2020-05-09,1
CE,2020-05-09,0
CL,2020-05-09,35
CM,2020-05-09,29
CN,2020-05-09,4
CT,2020-05-09,157
EX,2020-05-09,50
GA,2020-05-09,13
IB,2020-05-09,6
MC,2020-05-09,1
MD,2020-05-09,109
ML,2020-05-09,0
NC,2020-05-09,8
PV,2020-05-09,17
RI,2020-05-09,2
VC,2020-05-09,17
AN,2020-05-10,6
AR,2020-05-10,11
AS,2020-05-10,1
CB,2020-05-10,5
CE,2020-05-10,0
CL,2020-05-10,24
CM,2020-05-10,17
CN,2020-05-10,5
CT,2020-05-10,109
EX,2020-05-10,6
GA,2020-05-10,8
IB,2020-05-10,7
MC,2020-05-10,1
MD,2020-05-10,52
ML,2020-05-10,0
NC,2020-05-10,7
PV,2020-05-10,7
RI,2020-05-10,2
VC,2020-05-10,16
AN,2020-05-11,9
AR,2020-05-11,12
AS,2020-05-11,3
CB,2020-05-11,3
CE,2020-05-11,0
CL,2020-05-11,20
CM,2020-05-11,20
CN,2020-05-11,0
CT,2020-05-11,72
EX,2020-05-11,10
GA,2020-05-11,6
IB,2020-05-11,3
MC,2020-05-11,2
MD,2020-05-11,84
ML,2020-05-11,0
NC,2020-05-11,28
PV,2020-05-11,12
RI,2020-05-11,4
VC,2020-05-11,15
AN,2020-05-12,17
AR,2020-05-12,18
AS,2020-05-12,0
CB,2020-05-12,2
CE,2020-05-12,2
CL,2020-05-12,30
CM,2020-05-12,26
CN,2020-05-12,2
CT,2020-05-12,180
EX,2020-05-12,31
GA,2020-05-12,10
IB,2020-05-12,8
MC,2020-05-12,0
MD,2020-05-12,116
ML,2020-05-12,0
NC,2020-05-12,4
PV,2020-05-12,16
RI,2020-05-12,3
VC,2020-05-12,17
AN,2020-05-13,11
AR,2020-05-13,23
AS,2020-05-13,2
CB,2020-05-13,2
CE,2020-05-13,0
CL,2020-05-13,36
CM,2020-05-13,35
CN,2020-05-13,10
CT,2020-05-13,187
EX,2020-05-13,32
GA,2020-05-13,9
IB,2020-05-13,8
MC,2020-05-13,3
MD,2020-05-13,125
ML,2020-05-13,0
NC,2020-05-13,11
PV,2020-05-13,16
RI,2020-05-13,5
VC,2020-05-13,14
AN,2020-05-14,20
AR,2020-05-14,16
AS,2020-05-14,0
CB,2020-05-14,2
CE,2020-05-14,1
CL,2020-05-14,25
CM,2020-05-14,23
CN,2020-05-14,3
CT,2020-05-14,203
EX,2020-05-14,21
GA,2020-05-14,11
IB,2020-05-14,9
MC,2020-05-14,0
MD,2020-05-14,119
ML,2020-05-14,0
NC,2020-05-14,4
PV,2020-05-14,8
RI,2020-05-14,2
VC,2020-05-14,15
AN,2020-05-15,11
AR,2020-05-15,19
AS,2020-05-15,2
CB,2020-05-15,5
CE,2020-05-15,0
CL,2020-05-15,37
CM,2020-05-15,21
CN,2020-05-15,7
CT,2020-05-15,240
EX,2020-05-15,25
GA,2020-05-15,13
IB,2020-05-15,12
MC,2020-05-15,0
MD,2020-05-15,116
ML,2020-05-15,0
NC,2020-05-15,6
PV,2020-05-15,9
RI,2020-05-15,1
VC,2020-05-15,8
AN,2020-05-16,11
AR,2020-05-16,17
AS,2020-05-16,1
CB,2020-05-16,1
CE,2020-05-16,1
CL,2020-05-16,41
CM,2020-05-16,45
CN,2020-05-16,4
CT,2020-05-16,298
EX,2020-05-16,23
GA,2020-05-16,4
IB,2020-05-16,1
MC,2020-05-16,2
MD,2020-05-16,80
ML,2020-05-16,0
NC,2020-05-16,3
PV,2020-05-16,8
RI,2020-05-16,1
VC,2020-05-16,15
AN,2020-05-17,7
AR,2020-05-17,12
AS,2020-05-17,5
CB,2020-05-17,1
CE,2020-05-17,0
CL,2020-05-17,14
CM,2020-05-17,20
CN,2020-05-17,2
CT,2020-05-17,115
EX,2020-05-17,3
GA,2020-05-17,8
IB,2020-05-17,6
MC,2020-05-17,1
MD,2020-05-17,41
ML,2020-05-17,0
NC,2020-05-17,11
PV,2020-05-17,7
RI,2020-05-17,0
VC,2020-05-17,7
AN,2020-05-18,4
AR,2020-05-18,8
AS,2020-05-18,1
CB,2020-05-18,2
CE,2020-05-18,1
CL,2020-05-18,10
CM,2020-05-18,25
CN,2020-05-18,3
CT,2020-05-18,152
EX,2020-05-18,2
GA,2020-05-18,7
IB,2020-05-18,4
MC,2020-05-18,2
MD,2020-05-18,62
ML,2020-05-18,0
NC,2020-05-18,4
PV,2020-05-18,5
RI,2020-05-18,2
VC,2020-05-18,16
AN,2020-05-19,7
AR,2020-05-19,12
AS,2020-05-19,0
CB,2020-05-19,2
CE,2020-05-19,7
CL,2020-05-19,32
CM,2020-05-19,13
CN,2020-05-19,4
CT,2020-05-19,187
EX,2020-05-19,11
GA,2020-05-19,5
IB,2020-05-19,7
MC,2020-05-19,1
MD,2020-05-19,92
ML,2020-05-19,0
NC,2020-05-19,7
PV,2020-05-19,4
RI,2020-05-19,5
VC,2020-05-19,6
AN,2020-05-20,7
AR,2020-05-20,13
AS,2020-05-20,1
CB,2020-05-20,2
CE,2020-05-20,0
CL,2020-05-20,45
CM,2020-05-20,27
CN,2020-05-20,3
CT,2020-05-20,196
EX,2020-05-20,12
GA,2020-05-20,2
IB,2020-05-20,3
MC,2020-05-20,0
MD,2020-05-20,78
ML,2020-05-20,0
NC,2020-05-20,7
PV,2020-05-20,6
RI,2020-05-20,4
VC,2020-05-20,11
AN,2020-05-21,10
AR,2020-05-21,13
AS,2020-05-21,1
CB,2020-05-21,3
CE,2020-05-21,3
CL,2020-05-21,30
CM,2020-05-21,27
CN,2020-05-21,3
CT,2020-05-21,143
EX,2020-05-21,8
GA,2020-05-21,1
IB,2020-05-21,6
MC,2020-05-21,2
MD,2020-05-21,79
ML,2020-05-21,0
NC,2020-05-21,14
PV,2020-05-21,3
RI,2020-05-21,4
VC,2020-05-21,11
AN,2020-05-22,5
AR,2020-05-22,11
AS,2020-05-22,1
CB,2020-05-22,1
CE,2020-05-22,3
CL,2020-05-22,43
CM,2020-05-22,31
CN,2020-05-22,6
CT,2020-05-22,184
EX,2020-05-22,8
GA,2020-05-22,2
IB,2020-05-22,11
MC,2020-05-22,2
MD,2020-05-22,99
ML,2020-05-22,0
NC,2020-05-22,10
PV,2020-05-22,7
RI,2020-05-22,3
VC,2020-05-22,9
AN,2020-05-23,9
AR,2020-05-23,9
AS,2020-05-23,16
CB,2020-05-23,3
CE,2020-05-23,4
CL,2020-05-23,35
CM,2020-05-23,29
CN,2020-05-23,8
CT,2020-05-23,158
EX,2020-05-23,7
GA,2020-05-23,4
IB,2020-05-23,4
MC,2020-05-23,1
MD,2020-05-23,99
ML,2020-05-23,0
NC,2020-05-23,7
PV,2020-05-23,3
RI,2020-05-23,3
VC,2020-05-23,10
AN,2020-05-24,10
AR,2020-05-24,9
AS,2020-05-24,3
CB,2020-05-24,1
CE,2020-05-24,2
CL,2020-05-24,41
CM,2020-05-24,19
CN,2020-05-24,2
CT,2020-05-24,76
EX,2020-05-24,6
GA,2020-05-24,3
IB,2020-05-24,0
MC,2020-05-24,0
MD,2020-05-24,41
ML,2020-05-24,0
NC,2020-05-24,5
PV,2020-05-24,3
RI,2020-05-24,0
VC,2020-05-24,3
AN,2020-05-25,9
AR,2020-05-25,7
AS,2020-05-25,2
CB,2020-05-25,1
CE,2020-05-25,2
CL,2020-05-25,26
CM,2020-05-25,18
CN,2020-05-25,2
CT,2020-05-25,84
EX,2020-05-25,3
GA,2020-05-25,1
IB,2020-05-25,2
MC,2020-05-25,0
MD,2020-05-25,78
ML,2020-05-25,0
NC,2020-05-25,4
PV,2020-05-25,5
RI,2020-05-25,2
VC,2020-05-25,5
AN,2020-05-26,15
AR,2020-05-26,10
AS,2020-05-26,2
CB,2020-05-26,3
CE,2020-05-26,5
CL,2020-05-26,28
CM,2020-05-26,20
CN,2020-05-26,4
CT,2020-05-26,61
EX,2020-05-26,13
GA,2020-05-26,2
IB,2020-05-26,2
MC,2020-05-26,2
MD,2020-05-26,92
ML,2020-05-26,1
NC,2020-05-26,1
PV,2020-05-26,6
RI,2020-05-26,1
VC,2020-05-26,12
AN,2020-05-27,11
AR,2020-05-27,12
AS,2020-05-27,0
CB,2020-05-27,1
CE,2020-05-27,0
CL,2020-05-27,16
CM,2020-05-27,27
CN,2020-05-27,6
CT,2020-05-27,92
EX,2020-05-27,7
GA,2020-05-27,1
IB,2020-05-27,5
MC,2020-05-27,4
MD,2020-05-27,95
ML,2020-05-27,0
NC,2020-05-27,2
PV,2020-05-27,2
RI,2020-05-27,2
VC,2020-05-27,17
AN,2020-05-28,12
AR,2020-05-28,4
AS,2020-05-28,0
CB,2020-05-28,0
CE,2020-05-28,5
CL,2020-05-28,27
CM,2020-05-28,25
CN,2020-05-28,3
CT,2020-05-28,129
EX,2020-05-28,0
GA,2020-05-28,2
IB,2020-05-28,5
MC,2020-05-28,2
MD,2020-05-28,90
ML,2020-05-28,0
NC,2020-05-28,4
PV,2020-05-28,4
RI,2020-05-28,0
VC,2020-05-28,8
AN,2020-05-29,9
AR,2020-05-29,15
AS,2020-05-29,1
CB,2020-05-29,2
CE,2020-05-29,2
CL,2020-05-29,27
CM,2020-05-29,24
CN,2020-05-29,1
CT,2020-05-29,96
EX,2020-05-29,5
GA,2020-05-29,1
IB,2020-05-29,2
MC,2020-05-29,1
MD,2020-05-29,86
ML,2020-05-29,0
NC,2020-05-29,6
PV,2020-05-29,1
RI,2020-05-29,2
VC,2020-05-29,9
AN,2020-05-30,13
AR,2020-05-30,3
AS,2020-05-30,1
CB,2020-05-30,1
CE,2020-05-30,3
CL,2020-05-30,30
CM,2020-05-30,11
CN,2020-05-30,3
CT,2020-05-30,160
EX,2020-05-30,3
GA,2020-05-30,2
IB,2020-05-30,2
MC,2020-05-30,1
MD,2020-05-30,92
ML,2020-05-30,0
NC,2020-05-30,7
PV,2020-05-30,3
RI,2020-05-30,1
VC,2020-05-30,9
AN,2020-05-31,7
AR,2020-05-31,9
AS,2020-05-31,1
CB,2020-05-31,1
CE,2020-05-31,0
CL,2020-05-31,12
CM,2020-05-31,6
CN,2020-05-31,4
CT,2020-05-31,56
EX,2020-05-31,2
GA,2020-05-31,0
IB,2020-05-31,3
MC,2020-05-31,0
MD,2020-05-31,46
ML,2020-05-31,0
NC,2020-05-31,1
PV,2020-05-31,4
RI,2020-05-31,1
VC,2020-05-31,9
AN,2020-06-01,6
AR,2020-06-01,6
AS,2020-06-01,1
CB,2020-06-01,4
CE,2020-06-01,0
CL,2020-06-01,16
CM,2020-06-01,4
CN,2020-06-01,1
CT,2020-06-01,52
EX,2020-06-01,2
GA,2020-06-01,2
IB,2020-06-01,3
MC,2020-06-01,1
MD,2020-06-01,38
ML,2020-06-01,0
NC,2020-06-01,1
PV,2020-06-01,8
RI,2020-06-01,1
VC,2020-06-01,14
AN,2020-06-02,1
AR,2020-06-02,10
AS,2020-06-02,0
CB,2020-06-02,1
CE,2020-06-02,2
CL,2020-06-02,5
CM,2020-06-02,1
CN,2020-06-02,2
CT,2020-06-02,40
EX,2020-06-02,1
GA,2020-06-02,1
IB,2020-06-02,1
MC,2020-06-02,0
MD,2020-06-02,62
ML,2020-06-02,0
NC,2020-06-02,2
PV,2020-06-02,3
RI,2020-06-02,0
VC,2020-06-02,6
AN,2020-06-03,2
AR,2020-06-03,2
AS,2020-06-03,0
CB,2020-06-03,0
CE,2020-06-03,0
CL,2020-06-03,1
CM,2020-06-03,1
CN,2020-06-03,0
CT,2020-06-03,27
EX,2020-06-03,0
GA,2020-06-03,0
IB,2020-06-03,0
MC,2020-06-03,0
MD,2020-06-03,21
ML,2020-06-03,0
NC,2020-06-03,3
PV,2020-06-03,2
RI,2020-06-03,2
VC,2020-06-03,0
AN,2020-06-04,1
AR,2020-06-04,2
AS,2020-06-04,0
CB,2020-06-04,0
CE,2020-06-04,0
CL,2020-06-04,1
CM,2020-06-04,2
CN,2020-06-04,0
CT,2020-06-04,14
EX,2020-06-04,1
GA,2020-06-04,1
IB,2020-06-04,2
MC,2020-06-04,1
MD,2020-06-04,17
ML,2020-06-04,0
NC,2020-06-04,1
PV,2020-06-04,1
RI,2020-06-04,0
VC,2020-06-04,1
AN,2020-06-05,0
AR,2020-06-05,1
AS,2020-06-05,0
CB,2020-06-05,1
CE,2020-06-05,0
CL,2020-06-05,3
CM,2020-06-05,0
CN,2020-06-05,0
CT,2020-06-05,5
EX,2020-06-05,0
GA,2020-06-05,0
IB,2020-06-05,0
MC,2020-06-05,0
MD,2020-06-05,10
ML,2020-06-05,0
NC,2020-06-05,0
PV,2020-06-05,2
RI,2020-06-05,1
VC,2020-06-05,1
AN,2020-06-06,0
AR,2020-06-06,0
AS,2020-06-06,2
CB,2020-06-06,0
CE,2020-06-06,0
CL,2020-06-06,2
CM,2020-06-06,0
CN,2020-06-06,1
CT,2020-06-06,5
EX,2020-06-06,0
GA,2020-06-06,0
IB,2020-06-06,0
MC,2020-06-06,0
MD,2020-06-06,2
ML,2020-06-06,0
NC,2020-06-06,0
PV,2020-06-06,0
RI,2020-06-06,0
VC,2020-06-06,0
AN,2020-06-07,0
AR,2020-06-07,1
AS,2020-06-07,0
CB,2020-06-07,1
CE,2020-06-07,0
CL,2020-06-07,0
CM,2020-06-07,0
CN,2020-06-07,0
CT,2020-06-07,0
EX,2020-06-07,0
GA,2020-06-07,0
IB,2020-06-07,0
MC,2020-06-07,0
MD,2020-06-07,4
ML,2020-06-07,0
NC,2020-06-07,0
PV,2020-06-07,0
RI,2020-06-07,0
VC,2020-06-07,0
