"date","provincia_code","Epidemiol√≤gic","PCR_day","Positiu per ELISA","TestAc_day","sospechosos_day","PCR_cum","TestAc_cum","sospechosos_cum","province"
2020-02-25,"17",NA,NA,NA,NA,3,0,0,3,"Girona"
2020-02-26,"17",NA,NA,NA,NA,5,0,0,8,"Girona"
2020-02-26,"8",NA,NA,NA,NA,3,0,0,3,"Barcelona"
2020-02-26,NA,NA,NA,NA,NA,2,0,0,2,NA
2020-02-27,"17",NA,NA,NA,NA,6,0,0,14,"Girona"
2020-02-27,"8",2,NA,NA,NA,13,0,0,16,"Barcelona"
2020-02-28,"17",NA,1,NA,NA,3,1,0,17,"Girona"
2020-02-28,"43",NA,NA,NA,NA,1,0,0,1,"Tarragona"
2020-02-28,"8",4,NA,NA,NA,17,0,0,33,"Barcelona"
2020-02-29,"8",NA,NA,NA,NA,4,0,0,37,"Barcelona"
2020-02-29,NA,NA,NA,NA,NA,61,0,0,63,NA
2020-03-01,"17",NA,NA,NA,NA,1,1,0,18,"Girona"
2020-03-01,"8",NA,NA,NA,NA,4,0,0,41,"Barcelona"
2020-03-01,NA,NA,NA,NA,NA,2,0,0,65,NA
2020-03-02,"17",NA,NA,NA,NA,2,1,0,20,"Girona"
2020-03-02,"43",NA,NA,NA,NA,1,0,0,2,"Tarragona"
2020-03-02,"8",1,2,NA,NA,17,2,0,58,"Barcelona"
2020-03-02,NA,1,NA,NA,NA,1,0,0,66,NA
2020-03-03,"17",NA,NA,NA,NA,1,1,0,21,"Girona"
2020-03-03,"8",8,NA,NA,NA,11,2,0,69,"Barcelona"
2020-03-03,NA,1,NA,NA,NA,1,0,0,67,NA
2020-03-04,"17",NA,NA,NA,NA,4,1,0,25,"Girona"
2020-03-04,"8",3,1,NA,NA,11,3,0,80,"Barcelona"
2020-03-04,NA,NA,NA,NA,NA,1,0,0,68,NA
2020-03-05,"17",NA,NA,NA,NA,3,1,0,28,"Girona"
2020-03-05,"8",2,5,NA,NA,14,8,0,94,"Barcelona"
2020-03-05,NA,NA,NA,NA,NA,2,0,0,70,NA
2020-03-06,"17",NA,1,NA,NA,1,2,0,29,"Girona"
2020-03-06,"25",1,NA,NA,NA,1,0,0,1,"Lleida"
2020-03-06,"8",1,1,NA,NA,18,9,0,112,"Barcelona"
2020-03-06,NA,NA,NA,NA,NA,3,0,0,73,NA
2020-03-07,"17",NA,NA,NA,NA,3,2,0,32,"Girona"
2020-03-07,"43",1,NA,NA,NA,1,0,0,3,"Tarragona"
2020-03-07,"8",NA,2,NA,NA,67,11,0,179,"Barcelona"
2020-03-08,"17",NA,NA,NA,NA,4,2,0,36,"Girona"
2020-03-08,"43",NA,NA,NA,NA,2,0,0,5,"Tarragona"
2020-03-08,"8",NA,4,1,NA,41,15,0,220,"Barcelona"
2020-03-08,NA,NA,NA,NA,NA,1,0,0,74,NA
2020-03-09,"17",NA,1,NA,NA,8,3,0,44,"Girona"
2020-03-09,"43",NA,NA,NA,NA,13,0,0,18,"Tarragona"
2020-03-09,"8",5,14,NA,NA,114,29,0,334,"Barcelona"
2020-03-09,NA,NA,NA,NA,NA,1,0,0,75,NA
2020-03-10,"17",NA,3,NA,NA,5,6,0,49,"Girona"
2020-03-10,"25",NA,1,NA,NA,4,1,0,5,"Lleida"
2020-03-10,"43",NA,NA,NA,NA,9,0,0,27,"Tarragona"
2020-03-10,"8",5,62,NA,NA,146,91,0,480,"Barcelona"
2020-03-10,NA,NA,NA,NA,NA,7,0,0,82,NA
2020-03-11,"17",NA,4,NA,NA,6,10,0,55,"Girona"
2020-03-11,"25",NA,4,NA,NA,1,5,0,6,"Lleida"
2020-03-11,"43",NA,6,NA,NA,20,6,0,47,"Tarragona"
2020-03-11,"8",2,74,NA,NA,150,165,0,630,"Barcelona"
2020-03-11,NA,1,NA,NA,NA,12,0,0,94,NA
2020-03-12,"17",NA,4,NA,NA,19,14,0,74,"Girona"
2020-03-12,"25",NA,12,NA,NA,7,17,0,13,"Lleida"
2020-03-12,"43",4,8,NA,NA,54,14,0,101,"Tarragona"
2020-03-12,"8",NA,189,NA,NA,280,354,0,910,"Barcelona"
2020-03-12,NA,NA,NA,NA,NA,16,0,0,110,NA
2020-03-13,"17",NA,33,NA,NA,53,47,0,127,"Girona"
2020-03-13,"25",NA,14,NA,NA,29,31,0,42,"Lleida"
2020-03-13,"43",1,2,NA,NA,68,16,0,169,"Tarragona"
2020-03-13,"8",3,276,NA,NA,497,630,0,1407,"Barcelona"
2020-03-13,NA,NA,1,NA,NA,47,1,0,157,NA
2020-03-14,"17",NA,18,NA,NA,37,65,0,164,"Girona"
2020-03-14,"25",1,5,NA,NA,26,36,0,68,"Lleida"
2020-03-14,"43",1,8,NA,NA,79,24,0,248,"Tarragona"
2020-03-14,"8",24,280,4,NA,765,910,0,2172,"Barcelona"
2020-03-14,NA,NA,NA,NA,NA,13,1,0,170,NA
2020-03-15,"17",1,31,1,NA,55,96,0,219,"Girona"
2020-03-15,"25",1,5,NA,NA,20,41,0,88,"Lleida"
2020-03-15,"43",6,3,NA,NA,28,27,0,276,"Tarragona"
2020-03-15,"8",13,416,16,NA,939,1326,0,3111,"Barcelona"
2020-03-15,NA,NA,NA,NA,NA,13,1,0,183,NA
2020-03-16,"17",NA,32,NA,NA,40,128,0,259,"Girona"
2020-03-16,"25",NA,11,NA,NA,41,52,0,129,"Lleida"
2020-03-16,"43",6,13,NA,NA,73,40,0,349,"Tarragona"
2020-03-16,"8",8,628,7,NA,758,1954,0,3869,"Barcelona"
2020-03-16,NA,3,NA,NA,NA,44,1,0,227,NA
2020-03-17,"17",NA,39,NA,NA,71,167,0,330,"Girona"
2020-03-17,"25",1,28,NA,NA,39,80,0,168,"Lleida"
2020-03-17,"43",10,22,1,NA,85,62,0,434,"Tarragona"
2020-03-17,"8",5,716,20,NA,847,2670,0,4716,"Barcelona"
2020-03-17,NA,NA,1,NA,NA,27,2,0,254,NA
2020-03-18,"17",1,65,NA,NA,65,232,0,395,"Girona"
2020-03-18,"25",NA,34,1,NA,33,114,0,201,"Lleida"
2020-03-18,"43",23,22,NA,NA,123,84,0,557,"Tarragona"
2020-03-18,"8",9,857,7,NA,809,3527,0,5525,"Barcelona"
2020-03-18,NA,1,NA,NA,NA,46,2,0,300,NA
2020-03-19,"17",NA,78,1,NA,167,310,0,562,"Girona"
2020-03-19,"25",1,40,NA,NA,49,154,0,250,"Lleida"
2020-03-19,"43",18,36,1,NA,83,120,0,640,"Tarragona"
2020-03-19,"8",10,1137,7,NA,952,4664,0,6477,"Barcelona"
2020-03-19,NA,NA,NA,NA,NA,49,2,0,349,NA
2020-03-20,"17",3,135,1,NA,225,445,0,787,"Girona"
2020-03-20,"25",NA,49,2,NA,66,203,0,316,"Lleida"
2020-03-20,"43",13,35,NA,NA,84,155,0,724,"Tarragona"
2020-03-20,"8",21,1205,14,1,1134,5869,1,7611,"Barcelona"
2020-03-20,NA,2,1,NA,NA,37,3,0,386,NA
2020-03-21,"17",NA,70,NA,NA,115,515,0,902,"Girona"
2020-03-21,"25",1,37,NA,NA,39,240,0,355,"Lleida"
2020-03-21,"43",6,30,NA,NA,53,185,0,777,"Tarragona"
2020-03-21,"8",21,1065,7,1,731,6934,2,8342,"Barcelona"
2020-03-21,NA,NA,2,NA,NA,31,5,0,417,NA
2020-03-22,"17",NA,81,1,NA,114,596,0,1016,"Girona"
2020-03-22,"25",NA,24,1,NA,39,264,0,394,"Lleida"
2020-03-22,"43",12,25,NA,NA,91,210,0,868,"Tarragona"
2020-03-22,"8",13,877,7,NA,636,7811,2,8978,"Barcelona"
2020-03-22,NA,3,2,NA,NA,35,7,0,452,NA
2020-03-23,"17",NA,98,NA,NA,83,694,0,1099,"Girona"
2020-03-23,"25",NA,55,NA,NA,49,319,0,443,"Lleida"
2020-03-23,"43",7,62,NA,NA,82,272,0,950,"Tarragona"
2020-03-23,"8",23,1307,6,NA,786,9118,2,9764,"Barcelona"
2020-03-23,NA,NA,NA,NA,NA,69,7,0,521,NA
2020-03-24,"17",1,132,NA,NA,110,826,0,1209,"Girona"
2020-03-24,"25",NA,87,NA,NA,71,406,0,514,"Lleida"
2020-03-24,"43",2,61,NA,NA,93,333,0,1043,"Tarragona"
2020-03-24,"8",22,1625,18,NA,1037,10743,2,10801,"Barcelona"
2020-03-24,NA,4,3,NA,NA,30,10,0,551,NA
2020-03-25,"17",1,143,NA,NA,109,969,0,1318,"Girona"
2020-03-25,"25",NA,97,NA,NA,80,503,0,594,"Lleida"
2020-03-25,"43",3,50,NA,NA,119,383,0,1162,"Tarragona"
2020-03-25,"8",32,1534,16,NA,1631,12277,2,12432,"Barcelona"
2020-03-25,NA,1,2,NA,NA,38,12,0,589,NA
2020-03-26,"17",NA,145,NA,NA,67,1114,0,1385,"Girona"
2020-03-26,"25",1,68,NA,NA,88,571,0,682,"Lleida"
2020-03-26,"43",1,62,1,NA,113,445,0,1275,"Tarragona"
2020-03-26,"8",26,2031,13,NA,1144,14308,2,13576,"Barcelona"
2020-03-26,NA,NA,3,NA,NA,46,15,0,635,NA
2020-03-27,"17",NA,128,NA,NA,118,1242,0,1503,"Girona"
2020-03-27,"25",2,88,NA,NA,95,659,0,777,"Lleida"
2020-03-27,"43",1,77,NA,NA,122,522,0,1397,"Tarragona"
2020-03-27,"8",26,1427,17,NA,1185,15735,2,14761,"Barcelona"
2020-03-27,NA,2,1,NA,NA,42,16,0,677,NA
2020-03-28,"17",NA,74,NA,NA,89,1316,0,1592,"Girona"
2020-03-28,"25",NA,44,NA,NA,42,703,0,819,"Lleida"
2020-03-28,"43",NA,55,NA,NA,85,577,0,1482,"Tarragona"
2020-03-28,"8",4,1376,18,2,1067,17111,4,15828,"Barcelona"
2020-03-28,NA,NA,3,NA,NA,50,19,0,727,NA
2020-03-29,"17",NA,66,NA,NA,51,1382,0,1643,"Girona"
2020-03-29,"25",NA,64,1,NA,59,767,0,878,"Lleida"
2020-03-29,"43",1,50,1,NA,57,627,0,1539,"Tarragona"
2020-03-29,"8",7,1057,15,NA,618,18168,4,16446,"Barcelona"
2020-03-29,NA,1,NA,NA,NA,59,19,0,786,NA
2020-03-30,"17",1,119,1,NA,234,1501,0,1877,"Girona"
2020-03-30,"25",NA,63,NA,NA,84,830,0,962,"Lleida"
2020-03-30,"43",1,98,NA,NA,145,725,0,1684,"Tarragona"
2020-03-30,"8",26,1479,29,1,1484,19647,5,17930,"Barcelona"
2020-03-30,NA,6,2,NA,NA,56,21,0,842,NA
2020-03-31,"17",NA,106,2,NA,205,1607,0,2082,"Girona"
2020-03-31,"25",1,90,NA,NA,72,920,0,1034,"Lleida"
2020-03-31,"43",6,63,1,NA,126,788,0,1810,"Tarragona"
2020-03-31,"8",17,1448,34,NA,1653,21095,5,19583,"Barcelona"
2020-03-31,NA,7,3,NA,NA,67,24,0,909,NA
2020-04-01,"17",4,97,1,NA,212,1704,0,2294,"Girona"
2020-04-01,"25",NA,55,NA,NA,179,975,0,1213,"Lleida"
2020-04-01,"43",6,67,1,NA,160,855,0,1970,"Tarragona"
2020-04-01,"8",67,1225,68,NA,2367,22320,5,21950,"Barcelona"
2020-04-01,NA,80,1,NA,NA,101,25,0,1010,NA
2020-04-02,"17",NA,127,NA,NA,332,1831,0,2626,"Girona"
2020-04-02,"25",1,56,1,NA,156,1031,0,1369,"Lleida"
2020-04-02,"43",4,59,NA,NA,207,914,0,2177,"Tarragona"
2020-04-02,"8",20,1135,38,NA,1514,23455,5,23464,"Barcelona"
2020-04-02,NA,44,1,NA,NA,80,26,0,1090,NA
2020-04-03,"17",1,111,1,NA,150,1942,0,2776,"Girona"
2020-04-03,"25",1,53,NA,NA,85,1084,0,1454,"Lleida"
2020-04-03,"43",5,91,NA,NA,292,1005,0,2469,"Tarragona"
2020-04-03,"8",34,1211,23,NA,1586,24666,5,25050,"Barcelona"
2020-04-03,NA,66,2,NA,NA,60,28,0,1150,NA
2020-04-04,"17",1,65,1,NA,144,2007,0,2920,"Girona"
2020-04-04,"25",1,29,2,NA,69,1113,0,1523,"Lleida"
2020-04-04,"43",3,57,1,NA,159,1062,0,2628,"Tarragona"
2020-04-04,"8",6,855,28,3,1146,25521,8,26196,"Barcelona"
2020-04-04,NA,NA,NA,NA,NA,83,28,0,1233,NA
2020-04-05,"17",NA,49,2,NA,110,2056,0,3030,"Girona"
2020-04-05,"25",NA,22,NA,NA,52,1135,0,1575,"Lleida"
2020-04-05,"43",1,43,NA,NA,124,1105,0,2752,"Tarragona"
2020-04-05,"8",6,581,18,NA,755,26102,8,26951,"Barcelona"
2020-04-05,NA,1,NA,NA,NA,30,28,0,1263,NA
2020-04-06,"17",10,124,1,NA,157,2180,0,3187,"Girona"
2020-04-06,"25",NA,27,NA,NA,48,1162,0,1623,"Lleida"
2020-04-06,"43",4,55,1,1,219,1160,1,2971,"Tarragona"
2020-04-06,"8",17,965,8,3,1143,27067,11,28094,"Barcelona"
2020-04-06,NA,56,NA,NA,NA,59,28,0,1322,NA
2020-04-07,"17",6,77,2,3,372,2257,3,3559,"Girona"
2020-04-07,"25",4,69,NA,NA,109,1231,0,1732,"Lleida"
2020-04-07,"43",2,49,2,5,205,1209,6,3176,"Tarragona"
2020-04-07,"8",63,994,33,7,2117,28061,18,30211,"Barcelona"
2020-04-07,NA,8,2,NA,NA,135,30,0,1457,NA
2020-04-08,"17",3,64,NA,2,298,2321,5,3857,"Girona"
2020-04-08,"25",2,56,NA,12,116,1287,12,1848,"Lleida"
2020-04-08,"43",6,59,2,8,254,1268,14,3430,"Tarragona"
2020-04-08,"8",62,1059,46,24,1868,29120,42,32079,"Barcelona"
2020-04-08,NA,37,1,NA,NA,87,31,0,1544,NA
2020-04-09,"17",6,84,NA,2,279,2405,7,4136,"Girona"
2020-04-09,"25",2,64,NA,NA,201,1351,12,2049,"Lleida"
2020-04-09,"43",12,51,1,9,242,1319,23,3672,"Tarragona"
2020-04-09,"8",104,1068,39,40,2187,30188,82,34266,"Barcelona"
2020-04-09,NA,69,NA,NA,NA,105,31,0,1649,NA
2020-04-10,"17",NA,57,NA,1,135,2462,8,4271,"Girona"
2020-04-10,"25",1,45,NA,NA,133,1396,12,2182,"Lleida"
2020-04-10,"43",1,28,NA,6,176,1347,29,3848,"Tarragona"
2020-04-10,"8",52,850,25,25,1580,31038,107,35846,"Barcelona"
2020-04-10,NA,70,1,NA,NA,74,32,0,1723,NA
2020-04-11,"17",1,62,NA,2,150,2524,10,4421,"Girona"
2020-04-11,"25",NA,23,1,NA,104,1419,12,2286,"Lleida"
2020-04-11,"43",5,18,5,8,283,1365,37,4131,"Tarragona"
2020-04-11,"8",35,736,29,20,1843,31774,127,37689,"Barcelona"
2020-04-11,NA,6,NA,NA,NA,41,32,0,1764,NA
2020-04-12,"17",NA,35,NA,1,105,2559,11,4526,"Girona"
2020-04-12,"25",NA,28,NA,NA,54,1447,12,2340,"Lleida"
2020-04-12,"43",NA,19,1,12,157,1384,49,4288,"Tarragona"
2020-04-12,"8",45,480,14,7,1322,32254,134,39011,"Barcelona"
2020-04-12,NA,3,1,NA,NA,8,33,0,1772,NA
2020-04-13,"17",NA,34,NA,6,119,2593,17,4645,"Girona"
2020-04-13,"25",1,42,NA,NA,80,1489,12,2420,"Lleida"
2020-04-13,"43",1,10,NA,9,110,1394,58,4398,"Tarragona"
2020-04-13,"8",58,548,13,26,1695,32802,160,40706,"Barcelona"
2020-04-13,NA,93,NA,NA,NA,21,33,0,1793,NA
2020-04-14,"17",7,62,NA,11,186,2655,28,4831,"Girona"
2020-04-14,"25",7,39,NA,1,194,1528,13,2614,"Lleida"
2020-04-14,"43",1,42,3,7,243,1436,65,4641,"Tarragona"
2020-04-14,"8",25,935,55,62,2095,33737,222,42801,"Barcelona"
2020-04-14,NA,59,NA,NA,NA,42,33,0,1835,NA
2020-04-15,"17",8,74,7,28,513,2729,56,5344,"Girona"
2020-04-15,"25",9,49,NA,1,249,1577,14,2863,"Lleida"
2020-04-15,"43",NA,94,NA,8,263,1530,73,4904,"Tarragona"
2020-04-15,"8",41,977,14,55,2812,34714,277,45613,"Barcelona"
2020-04-15,NA,66,NA,NA,NA,50,33,0,1885,NA
2020-04-16,"17",6,95,NA,9,331,2824,65,5675,"Girona"
2020-04-16,"25",4,36,4,4,329,1613,18,3192,"Lleida"
2020-04-16,"43",1,34,2,6,451,1564,79,5355,"Tarragona"
2020-04-16,"8",71,984,18,78,2943,35698,355,48556,"Barcelona"
2020-04-16,NA,33,NA,NA,NA,41,33,0,1926,NA
2020-04-17,"17",5,73,1,46,494,2897,111,6169,"Girona"
2020-04-17,"25",2,33,NA,3,318,1646,21,3510,"Lleida"
2020-04-17,"43",1,36,NA,5,231,1600,84,5586,"Tarragona"
2020-04-17,"8",69,1189,31,181,3741,36887,536,52297,"Barcelona"
2020-04-17,NA,44,1,NA,NA,140,34,0,2066,NA
2020-04-18,"17",1,82,1,7,347,2979,118,6516,"Girona"
2020-04-18,"25",NA,31,NA,5,201,1677,26,3711,"Lleida"
2020-04-18,"43",1,26,NA,NA,174,1626,84,5760,"Tarragona"
2020-04-18,"8",85,598,27,68,3561,37485,604,55858,"Barcelona"
2020-04-18,NA,2,NA,NA,NA,121,34,0,2187,NA
2020-04-19,"17",12,24,NA,4,124,3003,122,6640,"Girona"
2020-04-19,"25",NA,10,NA,2,51,1687,28,3762,"Lleida"
2020-04-19,"43",NA,13,NA,1,107,1639,85,5867,"Tarragona"
2020-04-19,"8",51,453,6,10,1831,37938,614,57689,"Barcelona"
2020-04-19,NA,2,1,NA,NA,14,35,0,2201,NA
2020-04-20,"17",1,78,NA,15,304,3081,137,6944,"Girona"
2020-04-20,"25",2,8,1,5,127,1695,33,3889,"Lleida"
2020-04-20,"43",4,29,3,5,358,1668,90,6225,"Tarragona"
2020-04-20,"8",45,760,15,129,3291,38698,743,60980,"Barcelona"
2020-04-20,NA,63,NA,NA,NA,31,35,0,2232,NA
2020-04-21,"17",7,143,NA,64,559,3224,201,7503,"Girona"
2020-04-21,"25",3,56,3,6,173,1751,39,4062,"Lleida"
2020-04-21,"43",3,26,1,6,390,1694,96,6615,"Tarragona"
2020-04-21,"8",34,712,21,82,3780,39410,825,64760,"Barcelona"
2020-04-21,NA,25,1,NA,NA,78,36,0,2310,NA
2020-04-22,"17",4,149,1,88,866,3373,289,8369,"Girona"
2020-04-22,"25",NA,32,NA,5,239,1783,44,4301,"Lleida"
2020-04-22,"43",3,35,NA,3,532,1729,99,7147,"Tarragona"
2020-04-22,"8",41,779,43,55,4607,40189,880,69367,"Barcelona"
2020-04-22,NA,148,1,NA,NA,86,37,0,2396,NA
2020-04-23,"17",3,126,3,96,931,3499,385,9300,"Girona"
2020-04-23,"25",3,15,2,18,156,1798,62,4457,"Lleida"
2020-04-23,"43",5,21,NA,5,327,1750,104,7474,"Tarragona"
2020-04-23,"8",62,519,36,97,3894,40708,977,73261,"Barcelona"
2020-04-23,NA,12,NA,NA,NA,279,37,0,2675,NA
2020-04-24,"17",NA,115,3,67,998,3614,452,10298,"Girona"
2020-04-24,"25",11,9,3,12,243,1807,74,4700,"Lleida"
2020-04-24,"43",1,21,1,2,542,1771,106,8016,"Tarragona"
2020-04-24,"8",53,555,27,55,4437,41263,1032,77698,"Barcelona"
2020-04-24,NA,52,NA,NA,1,71,37,1,2746,NA
2020-04-25,"17",9,20,NA,5,264,3634,457,10562,"Girona"
2020-04-25,"25",2,5,1,1,91,1812,75,4791,"Lleida"
2020-04-25,"43",2,6,NA,1,335,1777,107,8351,"Tarragona"
2020-04-25,"8",56,301,13,5,3713,41564,1037,81411,"Barcelona"
2020-04-25,NA,1,1,NA,NA,12,38,1,2758,NA
2020-04-26,"17",NA,19,NA,NA,88,3653,457,10650,"Girona"
2020-04-26,"25",NA,3,NA,NA,55,1815,75,4846,"Lleida"
2020-04-26,"43",NA,3,NA,NA,290,1780,107,8641,"Tarragona"
2020-04-26,"8",19,253,9,7,3130,41817,1044,84541,"Barcelona"
2020-04-26,NA,4,NA,NA,NA,10,38,1,2768,NA
2020-04-27,"17",4,27,1,60,921,3680,517,11571,"Girona"
2020-04-27,"25",2,13,4,6,176,1828,81,5022,"Lleida"
2020-04-27,"43",3,13,NA,3,653,1793,110,9294,"Tarragona"
2020-04-27,"8",20,233,39,41,3497,42050,1085,88038,"Barcelona"
2020-04-27,NA,45,NA,NA,NA,30,38,1,2798,NA
2020-04-28,"17",3,29,NA,48,978,3709,565,12549,"Girona"
2020-04-28,"25",3,12,NA,11,199,1840,92,5221,"Lleida"
2020-04-28,"43",NA,12,1,2,620,1805,112,9914,"Tarragona"
2020-04-28,"8",88,377,43,38,4206,42427,1123,92244,"Barcelona"
2020-04-28,NA,6,NA,NA,NA,27,38,1,2825,NA
2020-04-29,"17",NA,38,3,64,894,3747,629,13443,"Girona"
2020-04-29,"25",1,2,3,1,183,1842,93,5404,"Lleida"
2020-04-29,"43",3,9,1,4,494,1814,116,10408,"Tarragona"
2020-04-29,"8",88,263,37,34,4730,42690,1157,96974,"Barcelona"
2020-04-29,NA,12,NA,NA,NA,46,38,1,2871,NA
2020-04-30,"17",1,18,NA,49,838,3765,678,14281,"Girona"
2020-04-30,"25",NA,11,NA,3,236,1853,96,5640,"Lleida"
2020-04-30,"43",3,9,1,2,505,1823,118,10913,"Tarragona"
2020-04-30,"8",57,263,43,52,5310,42953,1209,102284,"Barcelona"
2020-04-30,NA,NA,1,NA,NA,24,39,1,2895,NA
2020-05-01,"17",1,17,1,11,424,3782,689,14705,"Girona"
2020-05-01,"25",3,5,NA,3,192,1858,99,5832,"Lleida"
2020-05-01,"43",2,7,1,3,505,1830,121,11418,"Tarragona"
2020-05-01,"8",109,187,33,7,4587,43140,1216,106871,"Barcelona"
2020-05-01,NA,12,NA,NA,NA,58,39,1,2953,NA
2020-05-02,"17",NA,4,NA,NA,163,3786,689,14868,"Girona"
2020-05-02,"25",NA,6,2,1,89,1864,100,5921,"Lleida"
2020-05-02,"43",NA,1,NA,2,321,1831,123,11739,"Tarragona"
2020-05-02,"8",42,129,11,11,2678,43269,1227,109549,"Barcelona"
2020-05-02,NA,NA,NA,NA,NA,17,39,1,2970,NA
2020-05-03,"17",NA,11,NA,4,103,3797,693,14971,"Girona"
2020-05-03,"25",NA,2,NA,1,59,1866,101,5980,"Lleida"
2020-05-03,"43",NA,2,2,1,131,1833,124,11870,"Tarragona"
2020-05-03,"8",18,62,6,8,2071,43331,1235,111620,"Barcelona"
2020-05-03,NA,NA,NA,NA,NA,1,39,1,2971,NA
2020-05-04,"17",4,19,4,43,681,3816,736,15652,"Girona"
2020-05-04,"25",2,9,4,4,491,1875,105,6471,"Lleida"
2020-05-04,"43",2,9,NA,3,524,1842,127,12394,"Tarragona"
2020-05-04,"8",35,166,57,51,4028,43497,1286,115648,"Barcelona"
2020-05-04,NA,26,NA,NA,NA,9,39,1,2980,NA
2020-05-05,"17",NA,24,1,74,730,3840,810,16382,"Girona"
2020-05-05,"25",1,3,2,3,242,1878,108,6713,"Lleida"
2020-05-05,"43",2,5,1,9,391,1847,136,12785,"Tarragona"
2020-05-05,"8",76,168,45,43,3863,43665,1329,119511,"Barcelona"
2020-05-05,NA,140,NA,NA,NA,7,39,1,2987,NA
2020-05-06,"17",2,50,1,33,826,3890,843,17208,"Girona"
2020-05-06,"25",3,1,4,4,343,1879,112,7056,"Lleida"
2020-05-06,"43",2,6,3,5,546,1853,141,13331,"Tarragona"
2020-05-06,"8",104,204,43,61,5138,43869,1390,124649,"Barcelona"
2020-05-06,NA,34,NA,NA,2,21,39,3,3008,NA
2020-05-07,"17",NA,13,2,26,687,3903,869,17895,"Girona"
2020-05-07,"25",6,8,1,8,288,1887,120,7344,"Lleida"
2020-05-07,"43",2,9,2,7,486,1862,148,13817,"Tarragona"
2020-05-07,"8",45,168,46,50,4089,44037,1440,128738,"Barcelona"
2020-05-07,NA,43,NA,NA,2,15,39,5,3023,NA
2020-05-08,"17",3,23,2,22,565,3926,891,18460,"Girona"
2020-05-08,"25",1,7,2,5,276,1894,125,7620,"Lleida"
2020-05-08,"43",5,12,2,4,496,1874,152,14313,"Tarragona"
2020-05-08,"8",36,166,28,53,3760,44203,1493,132498,"Barcelona"
2020-05-08,NA,3,1,NA,NA,17,40,5,3040,NA
2020-05-09,"17",NA,6,NA,1,341,3932,892,18801,"Girona"
2020-05-09,"25",NA,2,NA,1,86,1896,126,7706,"Lleida"
2020-05-09,"43",NA,2,NA,NA,136,1876,152,14449,"Tarragona"
2020-05-09,"8",1,120,13,6,2349,44323,1499,134847,"Barcelona"
2020-05-09,NA,1,NA,NA,NA,6,40,5,3046,NA
2020-05-10,"17",NA,27,NA,1,117,3959,893,18918,"Girona"
2020-05-10,"25",NA,6,1,1,55,1902,127,7761,"Lleida"
2020-05-10,"43",NA,NA,NA,1,93,1876,153,14542,"Tarragona"
2020-05-10,"8",2,59,1,5,1235,44382,1504,136082,"Barcelona"
2020-05-10,NA,NA,NA,NA,NA,6,40,5,3052,NA
2020-05-11,"17",NA,24,NA,23,333,3983,916,19251,"Girona"
2020-05-11,"25",NA,7,1,3,141,1909,130,7902,"Lleida"
2020-05-11,"43",1,5,1,1,485,1881,154,15027,"Tarragona"
2020-05-11,"8",11,161,9,32,2602,44543,1536,138684,"Barcelona"
2020-05-11,NA,3,1,NA,NA,10,41,5,3062,NA
2020-05-12,"17",NA,37,NA,18,427,4020,934,19678,"Girona"
2020-05-12,"25",NA,3,NA,5,221,1912,135,8123,"Lleida"
2020-05-12,"43",1,5,NA,3,331,1886,157,15358,"Tarragona"
2020-05-12,"8",17,196,9,41,3050,44739,1577,141734,"Barcelona"
2020-05-12,NA,49,1,NA,NA,12,42,5,3074,NA
2020-05-13,"17",NA,21,1,14,403,4041,948,20081,"Girona"
2020-05-13,"25",NA,12,1,2,393,1924,137,8516,"Lleida"
2020-05-13,"43",5,19,NA,2,290,1905,159,15648,"Tarragona"
2020-05-13,"8",27,219,27,22,3737,44958,1599,145471,"Barcelona"
2020-05-13,NA,14,NA,NA,NA,6,42,5,3080,NA
2020-05-14,"17",NA,46,NA,15,409,4087,963,20490,"Girona"
2020-05-14,"25",NA,11,NA,11,255,1935,148,8771,"Lleida"
2020-05-14,"43",NA,8,NA,1,273,1913,160,15921,"Tarragona"
2020-05-14,"8",NA,166,49,26,3368,45124,1625,148839,"Barcelona"
2020-05-14,NA,NA,NA,NA,1,9,42,6,3089,NA
2020-05-15,"17",NA,24,1,4,370,4111,967,20860,"Girona"
2020-05-15,"25",1,27,2,3,461,1962,151,9232,"Lleida"
2020-05-15,"43",1,4,3,4,307,1917,164,16228,"Tarragona"
2020-05-15,"8",NA,196,28,22,3894,45320,1647,152733,"Barcelona"
2020-05-15,NA,NA,1,NA,NA,8,43,6,3097,NA
2020-05-16,"17",NA,18,NA,3,350,4129,970,21210,"Girona"
2020-05-16,"25",NA,13,NA,NA,191,1975,151,9423,"Lleida"
2020-05-16,"43",NA,1,NA,1,164,1918,165,16392,"Tarragona"
2020-05-16,"8",NA,49,23,1,1949,45369,1648,154682,"Barcelona"
2020-05-16,NA,NA,NA,NA,NA,5,43,6,3102,NA
2020-05-17,"17",NA,7,NA,1,110,4136,971,21320,"Girona"
2020-05-17,"25",NA,11,NA,NA,68,1986,151,9491,"Lleida"
2020-05-17,"43",NA,1,NA,NA,135,1919,165,16527,"Tarragona"
2020-05-17,"8",NA,19,1,NA,774,45388,1648,155456,"Barcelona"
2020-05-17,NA,NA,NA,NA,NA,2,43,6,3104,NA
2020-05-18,"17",NA,18,NA,5,360,4154,976,21680,"Girona"
2020-05-18,"25",1,40,NA,3,236,2026,154,9727,"Lleida"
2020-05-18,"43",1,27,NA,3,300,1946,168,16827,"Tarragona"
2020-05-18,"8",NA,128,5,20,2824,45516,1668,158280,"Barcelona"
2020-05-18,NA,1,1,NA,NA,8,44,6,3112,NA
2020-05-19,"17",NA,29,NA,11,657,4183,987,22337,"Girona"
2020-05-19,"25",NA,30,NA,4,290,2056,158,10017,"Lleida"
2020-05-19,"43",NA,9,NA,2,423,1955,170,17250,"Tarragona"
2020-05-19,"8",NA,230,26,21,3655,45746,1689,161935,"Barcelona"
2020-05-19,NA,NA,NA,NA,NA,13,44,6,3125,NA
2020-05-20,"17",NA,14,NA,18,448,4197,1005,22785,"Girona"
2020-05-20,"25",NA,15,2,11,311,2071,169,10328,"Lleida"
2020-05-20,"43",2,6,1,1,423,1961,171,17673,"Tarragona"
2020-05-20,"8",NA,227,28,24,3804,45973,1713,165739,"Barcelona"
2020-05-20,NA,NA,NA,NA,NA,14,44,6,3139,NA
2020-05-21,"17",NA,41,1,17,669,4238,1022,23454,"Girona"
2020-05-21,"25",1,46,2,7,362,2117,176,10690,"Lleida"
2020-05-21,"43",2,3,NA,2,421,1964,173,18094,"Tarragona"
2020-05-21,"8",NA,241,50,16,4053,46214,1729,169792,"Barcelona"
2020-05-21,NA,NA,NA,NA,NA,8,44,6,3147,NA
2020-05-22,"17",NA,29,2,10,654,4267,1032,24108,"Girona"
2020-05-22,"25",NA,41,NA,3,449,2158,179,11139,"Lleida"
2020-05-22,"43",NA,3,NA,3,516,1967,176,18610,"Tarragona"
2020-05-22,"8",3,294,41,19,4097,46508,1748,173889,"Barcelona"
2020-05-22,NA,NA,1,NA,NA,8,45,6,3155,NA
2020-05-23,"17",NA,7,1,2,256,4274,1034,24364,"Girona"
2020-05-23,"25",NA,17,NA,NA,91,2175,179,11230,"Lleida"
2020-05-23,"43",NA,NA,NA,NA,131,1967,176,18741,"Tarragona"
2020-05-23,"8",NA,42,14,1,1336,46550,1749,175225,"Barcelona"
2020-05-23,NA,NA,NA,NA,NA,4,45,6,3159,NA
2020-05-24,"17",NA,5,NA,NA,196,4279,1034,24560,"Girona"
2020-05-24,"25",NA,70,NA,NA,86,2245,179,11316,"Lleida"
2020-05-24,"43",NA,NA,NA,NA,101,1967,176,18842,"Tarragona"
2020-05-24,"8",NA,27,23,1,1321,46577,1750,176546,"Barcelona"
2020-05-24,NA,NA,NA,NA,NA,3,45,6,3162,NA
2020-05-25,"17",1,21,NA,4,454,4300,1038,25014,"Girona"
2020-05-25,"25",NA,19,1,4,256,2264,183,11572,"Lleida"
2020-05-25,"43",1,5,NA,NA,419,1972,176,19261,"Tarragona"
2020-05-25,"8",NA,199,5,14,3198,46776,1764,179744,"Barcelona"
2020-05-25,NA,NA,1,NA,NA,15,46,6,3177,NA
2020-05-26,"17",NA,47,NA,12,555,4347,1050,25569,"Girona"
2020-05-26,"25",NA,34,1,5,270,2298,188,11842,"Lleida"
2020-05-26,"43",1,5,NA,NA,500,1977,176,19761,"Tarragona"
2020-05-26,"8",NA,198,80,12,5634,46974,1776,185378,"Barcelona"
2020-05-26,NA,NA,NA,NA,NA,12,46,6,3189,NA
2020-05-27,"17",NA,28,1,9,511,4375,1059,26080,"Girona"
2020-05-27,"25",NA,30,4,5,242,2328,193,12084,"Lleida"
2020-05-27,"43",1,7,1,5,427,1984,181,20188,"Tarragona"
2020-05-27,"8",1,212,396,35,5047,47186,1811,190425,"Barcelona"
2020-05-27,NA,NA,NA,NA,NA,12,46,6,3201,NA
2020-05-28,"17",NA,15,1,6,412,4390,1065,26492,"Girona"
2020-05-28,"25",NA,33,1,4,331,2361,197,12415,"Lleida"
2020-05-28,"43",NA,10,NA,1,338,1994,182,20526,"Tarragona"
2020-05-28,"8",NA,143,95,26,4428,47329,1837,194853,"Barcelona"
2020-05-28,NA,NA,1,NA,NA,13,47,6,3214,NA
2020-05-29,"17",NA,35,2,5,610,4425,1070,27102,"Girona"
2020-05-29,"25",NA,32,1,3,384,2393,200,12799,"Lleida"
2020-05-29,"43",NA,14,NA,NA,393,2008,182,20919,"Tarragona"
2020-05-29,"8",2,168,39,18,4349,47497,1855,199202,"Barcelona"
2020-05-29,NA,NA,NA,NA,NA,10,47,6,3224,NA
2020-05-30,"17",NA,9,1,1,309,4434,1071,27411,"Girona"
2020-05-30,"25",NA,17,NA,1,231,2410,201,13030,"Lleida"
2020-05-30,"43",NA,1,NA,NA,215,2009,182,21134,"Tarragona"
2020-05-30,"8",NA,51,37,3,1817,47548,1858,201019,"Barcelona"
2020-05-30,NA,NA,NA,NA,NA,12,47,6,3236,NA
2020-05-31,"17",NA,5,NA,1,149,4439,1072,27560,"Girona"
2020-05-31,"25",1,9,1,NA,102,2419,201,13132,"Lleida"
2020-05-31,"43",NA,NA,NA,NA,151,2009,182,21285,"Tarragona"
2020-05-31,"8",NA,15,4,2,942,47563,1860,201961,"Barcelona"
2020-05-31,NA,NA,1,NA,NA,2,48,6,3238,NA
2020-06-01,"17",NA,5,NA,2,301,4444,1074,27861,"Girona"
2020-06-01,"25",1,15,NA,1,200,2434,202,13332,"Lleida"
2020-06-01,"43",1,7,NA,NA,329,2016,182,21614,"Tarragona"
2020-06-01,"8",NA,24,NA,8,1398,47587,1868,203359,"Barcelona"
2020-06-01,NA,NA,NA,NA,NA,9,48,6,3247,NA
2020-06-02,"17",NA,14,4,4,415,4458,1078,28276,"Girona"
2020-06-02,"25",1,45,NA,3,320,2479,205,13652,"Lleida"
2020-06-02,"43",1,12,1,NA,450,2028,182,22064,"Tarragona"
2020-06-02,"8",3,126,8,21,3154,47713,1889,206513,"Barcelona"
2020-06-02,NA,NA,NA,NA,NA,10,48,6,3257,NA
2020-06-03,"17",NA,39,NA,7,522,4497,1085,28798,"Girona"
2020-06-03,"25",NA,19,NA,4,289,2498,209,13941,"Lleida"
2020-06-03,"43",11,10,NA,NA,487,2038,182,22551,"Tarragona"
2020-06-03,"8",3,119,22,13,3912,47832,1902,210425,"Barcelona"
2020-06-03,NA,1,2,NA,NA,12,50,6,3269,NA
2020-06-04,"17",NA,18,2,3,473,4515,1088,29271,"Girona"
2020-06-04,"25",NA,24,NA,5,261,2522,214,14202,"Lleida"
2020-06-04,"43",NA,5,NA,1,343,2043,183,22894,"Tarragona"
2020-06-04,"8",NA,110,17,16,3363,47942,1918,213788,"Barcelona"
2020-06-04,NA,NA,NA,NA,1,7,50,7,3276,NA
2020-06-05,"17",NA,36,3,3,512,4551,1091,29783,"Girona"
2020-06-05,"25",NA,64,NA,2,364,2586,216,14566,"Lleida"
2020-06-05,"43",2,1,1,NA,431,2044,183,23325,"Tarragona"
2020-06-05,"8",1,138,26,12,4446,48080,1930,218234,"Barcelona"
2020-06-05,NA,NA,NA,NA,NA,5,50,7,3281,NA
2020-06-06,"17",NA,7,NA,NA,208,4558,1091,29991,"Girona"
2020-06-06,"25",NA,12,NA,NA,142,2598,216,14708,"Lleida"
2020-06-06,"43",NA,5,NA,NA,219,2049,183,23544,"Tarragona"
2020-06-06,"8",NA,23,62,4,1762,48103,1934,219996,"Barcelona"
2020-06-06,NA,NA,1,NA,NA,8,51,7,3289,NA
2020-06-07,"17",NA,3,NA,NA,180,4561,1091,30171,"Girona"
2020-06-07,"25",NA,6,NA,NA,114,2604,216,14822,"Lleida"
2020-06-07,"43",NA,NA,NA,NA,131,2049,183,23675,"Tarragona"
2020-06-07,"8",NA,14,7,1,1032,48117,1935,221028,"Barcelona"
2020-06-07,NA,NA,NA,NA,NA,1,51,7,3290,NA
2020-06-08,"17",NA,10,3,5,447,4571,1096,30618,"Girona"
2020-06-08,"25",NA,8,2,3,224,2612,219,15046,"Lleida"
2020-06-08,"43",1,6,NA,1,337,2055,184,24012,"Tarragona"
2020-06-08,"8",1,62,27,33,2811,48179,1968,223839,"Barcelona"
2020-06-08,NA,NA,1,NA,NA,5,52,7,3295,NA
2020-06-09,"17",NA,12,3,4,563,4583,1100,31181,"Girona"
2020-06-09,"25",1,19,NA,7,313,2631,226,15359,"Lleida"
2020-06-09,"43",1,5,NA,NA,434,2060,184,24446,"Tarragona"
2020-06-09,"8",NA,85,23,12,3883,48264,1980,227722,"Barcelona"
2020-06-09,NA,NA,NA,NA,1,13,52,8,3308,NA
2020-06-10,"17",NA,7,1,5,421,4590,1105,31602,"Girona"
2020-06-10,"25",NA,19,1,2,291,2650,228,15650,"Lleida"
2020-06-10,"43",NA,12,NA,2,456,2072,186,24902,"Tarragona"
2020-06-10,"8",NA,95,33,10,3544,48359,1990,231266,"Barcelona"
2020-06-10,NA,NA,NA,NA,NA,15,52,8,3323,NA
2020-06-11,"17",NA,9,1,2,535,4599,1107,32137,"Girona"
2020-06-11,"25",NA,13,NA,2,332,2663,230,15982,"Lleida"
2020-06-11,"43",NA,5,NA,2,395,2077,188,25297,"Tarragona"
2020-06-11,"8",NA,62,52,34,3343,48421,2024,234609,"Barcelona"
2020-06-11,NA,NA,NA,NA,NA,10,52,8,3333,NA
2020-06-12,"17",NA,12,NA,5,508,4611,1112,32645,"Girona"
2020-06-12,"25",NA,18,5,1,426,2681,231,16408,"Lleida"
2020-06-12,"43",1,5,NA,2,463,2082,190,25760,"Tarragona"
2020-06-12,"8",NA,103,26,29,4256,48524,2053,238865,"Barcelona"
2020-06-12,NA,1,NA,NA,1,10,52,9,3343,NA
2020-06-13,"17",NA,NA,NA,NA,167,4611,1112,32812,"Girona"
2020-06-13,"25",NA,8,1,NA,113,2689,231,16521,"Lleida"
2020-06-13,"43",NA,1,NA,NA,252,2083,190,26012,"Tarragona"
2020-06-13,"8",NA,7,32,3,1461,48531,2056,240326,"Barcelona"
2020-06-13,NA,NA,NA,NA,NA,6,52,9,3349,NA
2020-06-14,"17",NA,1,NA,1,132,4612,1113,32944,"Girona"
2020-06-14,"25",NA,8,NA,NA,83,2697,231,16604,"Lleida"
2020-06-14,"43",NA,NA,1,1,165,2083,191,26177,"Tarragona"
2020-06-14,"8",NA,14,5,1,961,48545,2057,241287,"Barcelona"
2020-06-14,NA,NA,NA,NA,NA,3,52,9,3352,NA
2020-06-15,"17",NA,8,2,1,472,4620,1114,33416,"Girona"
2020-06-15,"25",NA,19,3,12,290,2716,243,16894,"Lleida"
2020-06-15,"43",NA,1,NA,1,399,2084,192,26576,"Tarragona"
2020-06-15,"8",NA,37,10,20,2482,48582,2077,243769,"Barcelona"
2020-06-15,NA,NA,1,NA,NA,8,53,9,3360,NA
2020-06-16,"17",NA,11,1,6,577,4631,1120,33993,"Girona"
2020-06-16,"25",NA,23,1,5,329,2739,248,17223,"Lleida"
2020-06-16,"43",NA,2,NA,NA,421,2086,192,26997,"Tarragona"
2020-06-16,"8",NA,58,20,51,3641,48640,2128,247410,"Barcelona"
2020-06-16,NA,1,NA,NA,1,8,53,10,3368,NA
2020-06-17,"17",NA,8,NA,3,406,4639,1123,34399,"Girona"
2020-06-17,"25",1,22,1,2,242,2761,250,17465,"Lleida"
2020-06-17,"43",NA,1,1,2,343,2087,194,27340,"Tarragona"
2020-06-17,"8",NA,42,15,25,3241,48682,2153,250651,"Barcelona"
2020-06-17,NA,NA,NA,NA,NA,8,53,10,3376,NA
2020-06-18,"17",NA,5,1,5,334,4644,1128,34733,"Girona"
2020-06-18,"25",NA,37,1,2,243,2798,252,17708,"Lleida"
2020-06-18,"43",3,1,NA,2,319,2088,196,27659,"Tarragona"
2020-06-18,"8",NA,60,23,30,2991,48742,2183,253642,"Barcelona"
2020-06-18,NA,1,NA,NA,NA,13,53,10,3389,NA
2020-06-19,"17",NA,10,NA,NA,443,4654,1128,35176,"Girona"
2020-06-19,"25",1,31,NA,NA,265,2829,252,17973,"Lleida"
2020-06-19,"43",NA,1,NA,2,348,2089,198,28007,"Tarragona"
2020-06-19,"8",NA,62,15,26,3662,48804,2209,257304,"Barcelona"
2020-06-19,NA,NA,1,NA,NA,12,54,10,3401,NA
2020-06-20,"17",NA,1,NA,NA,107,4655,1128,35283,"Girona"
2020-06-20,"25",NA,29,NA,NA,140,2858,252,18113,"Lleida"
2020-06-20,"43",NA,1,NA,NA,141,2090,198,28148,"Tarragona"
2020-06-20,"8",NA,14,11,1,1468,48818,2210,258772,"Barcelona"
2020-06-20,NA,NA,NA,NA,NA,4,54,10,3405,NA
2020-06-21,"17",NA,4,NA,NA,132,4659,1128,35415,"Girona"
2020-06-21,"25",NA,13,NA,NA,102,2871,252,18215,"Lleida"
2020-06-21,"43",NA,NA,NA,NA,94,2090,198,28242,"Tarragona"
2020-06-21,"8",NA,11,4,NA,778,48829,2210,259550,"Barcelona"
2020-06-21,NA,NA,NA,NA,NA,1,54,10,3406,NA
2020-06-22,"17",NA,2,1,9,418,4661,1137,35833,"Girona"
2020-06-22,"25",NA,20,NA,3,207,2891,255,18422,"Lleida"
2020-06-22,"43",2,NA,NA,NA,238,2090,198,28480,"Tarragona"
2020-06-22,"8",NA,44,3,12,2003,48873,2222,261553,"Barcelona"
2020-06-22,NA,1,1,NA,NA,4,55,10,3410,NA
2020-06-23,"17",NA,5,NA,1,481,4666,1138,36314,"Girona"
2020-06-23,"25",1,53,NA,9,448,2944,264,18870,"Lleida"
2020-06-23,"43",NA,2,NA,NA,319,2092,198,28799,"Tarragona"
2020-06-23,"8",1,77,21,11,3694,48950,2233,265247,"Barcelona"
2020-06-23,NA,1,NA,NA,2,18,55,12,3428,NA
2020-06-24,"17",NA,1,NA,NA,137,4667,1138,36451,"Girona"
2020-06-24,"25",1,28,NA,NA,97,2972,264,18967,"Lleida"
2020-06-24,"43",NA,NA,NA,NA,151,2092,198,28950,"Tarragona"
2020-06-24,"8",NA,17,24,1,1155,48967,2234,266402,"Barcelona"
2020-06-24,NA,NA,NA,NA,NA,5,55,12,3433,NA
2020-06-25,"17",NA,6,NA,NA,254,4673,1138,36705,"Girona"
2020-06-25,"25",NA,31,NA,NA,196,3003,264,19163,"Lleida"
2020-06-25,"43",NA,NA,NA,NA,200,2092,198,29150,"Tarragona"
2020-06-25,"8",1,37,14,23,2459,49004,2257,268861,"Barcelona"
2020-06-25,NA,NA,NA,NA,NA,7,55,12,3440,NA
2020-06-26,"17",NA,12,NA,1,492,4685,1139,37197,"Girona"
2020-06-26,"25",1,98,NA,2,365,3101,266,19528,"Lleida"
2020-06-26,"43",NA,NA,NA,NA,388,2092,198,29538,"Tarragona"
2020-06-26,"8",2,100,21,28,4377,49104,2285,273238,"Barcelona"
2020-06-26,NA,NA,NA,NA,NA,16,55,12,3456,NA
2020-06-27,"17",NA,1,NA,NA,163,4686,1139,37360,"Girona"
2020-06-27,"25",1,38,NA,NA,141,3139,266,19669,"Lleida"
2020-06-27,"43",NA,NA,NA,NA,198,2092,198,29736,"Tarragona"
2020-06-27,"8",NA,20,23,4,1452,49124,2289,274690,"Barcelona"
2020-06-27,NA,NA,1,NA,NA,3,56,12,3459,NA
2020-06-28,"17",NA,NA,NA,NA,121,4686,1139,37481,"Girona"
2020-06-28,"25",NA,55,NA,NA,110,3194,266,19779,"Lleida"
2020-06-28,"43",NA,NA,NA,NA,63,2092,198,29799,"Tarragona"
2020-06-28,"8",NA,13,1,1,841,49137,2290,275531,"Barcelona"
2020-06-28,NA,NA,NA,NA,NA,2,56,12,3461,NA
2020-06-29,"17",NA,6,NA,2,318,4692,1141,37799,"Girona"
2020-06-29,"25",1,38,NA,NA,228,3232,266,20007,"Lleida"
2020-06-29,"43",NA,NA,NA,NA,231,2092,198,30030,"Tarragona"
2020-06-29,"8",NA,47,11,48,2882,49184,2338,278413,"Barcelona"
2020-06-29,NA,NA,NA,NA,NA,6,56,12,3467,NA
2020-06-30,"17",NA,7,NA,NA,368,4699,1141,38167,"Girona"
2020-06-30,"25",NA,94,1,NA,369,3326,266,20376,"Lleida"
2020-06-30,"43",NA,1,NA,NA,346,2093,198,30376,"Tarragona"
2020-06-30,"8",NA,82,32,69,3890,49266,2407,282303,"Barcelona"
2020-06-30,NA,1,NA,NA,NA,17,56,12,3484,NA
2020-07-01,"17",NA,7,NA,3,414,4706,1144,38581,"Girona"
2020-07-01,"25",3,115,NA,1,338,3441,267,20714,"Lleida"
2020-07-01,"43",NA,5,1,2,321,2098,200,30697,"Tarragona"
2020-07-01,"8",NA,89,47,109,3537,49355,2516,285840,"Barcelona"
2020-07-01,NA,3,NA,NA,NA,11,56,12,3495,NA
2020-07-02,"17",NA,7,NA,8,475,4713,1152,39056,"Girona"
2020-07-02,"25",NA,137,NA,NA,271,3578,267,20985,"Lleida"
2020-07-02,"43",NA,2,NA,NA,304,2100,200,31001,"Tarragona"
2020-07-02,"8",NA,89,30,107,3102,49444,2623,288942,"Barcelona"
2020-07-02,NA,NA,NA,NA,NA,8,56,12,3503,NA
2020-07-03,"17",NA,12,NA,2,476,4725,1154,39532,"Girona"
2020-07-03,"25",NA,152,NA,NA,415,3730,267,21400,"Lleida"
2020-07-03,"43",NA,8,NA,1,290,2108,201,31291,"Tarragona"
2020-07-03,"8",NA,125,28,93,4178,49569,2716,293120,"Barcelona"
2020-07-03,NA,1,NA,NA,NA,16,56,12,3519,NA
2020-07-04,"17",NA,3,NA,NA,162,4728,1154,39694,"Girona"
2020-07-04,"25",NA,75,NA,NA,128,3805,267,21528,"Lleida"
2020-07-04,"43",NA,4,1,NA,103,2112,201,31394,"Tarragona"
2020-07-04,"8",1,37,12,NA,1339,49606,2716,294459,"Barcelona"
2020-07-04,NA,2,NA,NA,NA,11,56,12,3530,NA
2020-07-05,"17",NA,3,NA,NA,135,4731,1154,39829,"Girona"
2020-07-05,"25",2,72,NA,NA,123,3877,267,21651,"Lleida"
2020-07-05,"43",NA,6,NA,NA,69,2118,201,31463,"Tarragona"
2020-07-05,"8",NA,22,1,NA,845,49628,2716,295304,"Barcelona"
2020-07-05,NA,NA,NA,NA,NA,4,56,12,3534,NA
2020-07-06,"17",NA,16,NA,1,374,4747,1155,40203,"Girona"
2020-07-06,"25",NA,63,NA,1,261,3940,268,21912,"Lleida"
2020-07-06,"43",NA,1,NA,1,236,2119,202,31699,"Tarragona"
2020-07-06,"8",1,75,6,115,2529,49703,2831,297833,"Barcelona"
2020-07-06,NA,NA,NA,NA,NA,11,56,12,3545,NA
2020-07-07,"17",NA,12,NA,1,380,4759,1156,40583,"Girona"
2020-07-07,"25",2,180,NA,1,483,4120,269,22395,"Lleida"
2020-07-07,"43",NA,11,NA,NA,377,2130,202,32076,"Tarragona"
2020-07-07,"8",1,176,23,145,3939,49879,2976,301772,"Barcelona"
2020-07-07,NA,2,1,NA,NA,11,57,12,3556,NA
2020-07-08,"17",NA,19,NA,5,431,4778,1161,41014,"Girona"
2020-07-08,"25",NA,227,NA,10,393,4347,279,22788,"Lleida"
2020-07-08,"43",NA,5,NA,NA,375,2135,202,32451,"Tarragona"
2020-07-08,"8",2,170,9,186,3623,50049,3162,305395,"Barcelona"
2020-07-08,NA,8,3,NA,NA,17,60,12,3573,NA
2020-07-09,"17",NA,39,1,3,364,4817,1164,41378,"Girona"
2020-07-09,"25",NA,226,1,1,637,4573,280,23425,"Lleida"
2020-07-09,"43",NA,13,NA,7,325,2148,209,32776,"Tarragona"
2020-07-09,"8",NA,218,15,167,3531,50267,3329,308926,"Barcelona"
2020-07-09,NA,9,1,NA,NA,10,61,12,3583,NA
2020-07-10,"17",NA,44,NA,3,537,4861,1167,41915,"Girona"
2020-07-10,"25",NA,232,NA,5,581,4805,285,24006,"Lleida"
2020-07-10,"43",NA,15,NA,NA,540,2163,209,33316,"Tarragona"
2020-07-10,"8",1,418,10,213,4481,50685,3542,313407,"Barcelona"
2020-07-10,NA,2,1,NA,NA,12,62,12,3595,NA
2020-07-11,"17",NA,1,NA,2,182,4862,1169,42097,"Girona"
2020-07-11,"25",1,143,NA,NA,225,4948,285,24231,"Lleida"
2020-07-11,"43",NA,10,3,NA,450,2173,209,33766,"Tarragona"
2020-07-11,"8",NA,79,4,6,1877,50764,3548,315284,"Barcelona"
2020-07-11,NA,4,NA,NA,NA,4,62,12,3599,NA
2020-07-12,"17",NA,4,NA,NA,145,4866,1169,42242,"Girona"
2020-07-12,"25",1,104,NA,NA,276,5052,285,24507,"Lleida"
2020-07-12,"43",NA,5,NA,1,121,2178,210,33887,"Tarragona"
2020-07-12,"8",NA,75,1,NA,1157,50839,3548,316441,"Barcelona"
2020-07-12,NA,NA,1,NA,NA,2,63,12,3601,NA
2020-07-13,"17",NA,22,NA,26,435,4888,1195,42677,"Girona"
2020-07-13,"25",1,139,NA,4,456,5191,289,24963,"Lleida"
2020-07-13,"43",NA,20,NA,2,379,2198,212,34266,"Tarragona"
2020-07-13,"8",1,325,11,369,3398,51164,3917,319839,"Barcelona"
2020-07-13,NA,1,NA,NA,NA,10,63,12,3611,NA
2020-07-14,"17",NA,52,NA,31,640,4940,1226,43317,"Girona"
2020-07-14,"25",NA,147,NA,21,421,5338,310,25384,"Lleida"
2020-07-14,"43",NA,16,1,1,496,2214,213,34762,"Tarragona"
2020-07-14,"8",NA,405,15,415,4658,51569,4332,324497,"Barcelona"
2020-07-14,NA,5,1,NA,NA,14,64,12,3625,NA
2020-07-15,"17",NA,27,NA,38,587,4967,1264,43904,"Girona"
2020-07-15,"25",NA,236,NA,7,732,5574,317,26116,"Lleida"
2020-07-15,"43",NA,25,1,5,452,2239,218,35214,"Tarragona"
2020-07-15,"8",1,496,16,474,5653,52065,4806,330150,"Barcelona"
2020-07-15,NA,3,1,NA,NA,9,65,12,3634,NA
2020-07-16,"17",NA,30,NA,26,510,4997,1290,44414,"Girona"
2020-07-16,"25",1,177,2,NA,524,5751,317,26640,"Lleida"
2020-07-16,"43",NA,21,NA,6,526,2260,224,35740,"Tarragona"
2020-07-16,"8",NA,561,14,355,5542,52626,5161,335692,"Barcelona"
2020-07-16,NA,3,1,NA,1,16,66,13,3650,NA
2020-07-17,"17",NA,42,1,41,724,5039,1331,45138,"Girona"
2020-07-17,"25",2,148,NA,2,445,5899,319,27085,"Lleida"
2020-07-17,"43",NA,32,NA,4,599,2292,228,36339,"Tarragona"
2020-07-17,"8",NA,808,9,410,6699,53434,5571,342391,"Barcelona"
2020-07-17,NA,5,NA,NA,2,15,66,15,3665,NA
2020-07-18,"17",NA,23,NA,1,218,5062,1332,45356,"Girona"
2020-07-18,"25",NA,244,NA,NA,285,6143,319,27370,"Lleida"
2020-07-18,"43",NA,24,NA,NA,342,2316,228,36681,"Tarragona"
2020-07-18,"8",NA,268,13,3,2902,53702,5574,345293,"Barcelona"
2020-07-18,NA,4,NA,NA,NA,4,66,15,3669,NA
2020-07-19,"17",NA,6,NA,NA,184,5068,1332,45540,"Girona"
2020-07-19,"25",NA,96,1,NA,160,6239,319,27530,"Lleida"
2020-07-19,"43",NA,24,NA,NA,295,2340,228,36976,"Tarragona"
2020-07-19,"8",NA,269,3,1,1805,53971,5575,347098,"Barcelona"
2020-07-19,NA,NA,NA,NA,NA,2,66,15,3671,NA
2020-07-20,"17",NA,38,NA,27,475,5106,1359,46015,"Girona"
2020-07-20,"25",NA,262,1,1,476,6501,320,28006,"Lleida"
2020-07-20,"43",3,13,1,11,421,2353,239,37397,"Tarragona"
2020-07-20,"8",NA,545,8,267,5100,54516,5842,352198,"Barcelona"
2020-07-20,NA,2,NA,NA,2,13,66,17,3684,NA
2020-07-21,"17",NA,65,NA,17,711,5171,1376,46726,"Girona"
2020-07-21,"25",1,214,NA,8,646,6715,328,28652,"Lleida"
2020-07-21,"43",2,36,3,5,612,2389,244,38009,"Tarragona"
2020-07-21,"8",2,885,17,321,7247,55401,6163,359445,"Barcelona"
2020-07-21,NA,6,NA,NA,NA,17,66,17,3701,NA
2020-07-22,"17",NA,61,NA,32,608,5232,1408,47334,"Girona"
2020-07-22,"25",1,219,1,3,935,6934,331,29587,"Lleida"
2020-07-22,"43",1,42,NA,3,670,2431,247,38679,"Tarragona"
2020-07-22,"8",NA,827,31,255,7570,56228,6418,367015,"Barcelona"
2020-07-22,NA,NA,NA,NA,1,15,66,18,3716,NA
2020-07-23,"17",NA,67,NA,29,818,5299,1437,48152,"Girona"
2020-07-23,"25",3,146,NA,1,597,7080,332,30184,"Lleida"
2020-07-23,"43",NA,51,1,5,675,2482,252,39354,"Tarragona"
2020-07-23,"8",NA,866,26,262,7990,57094,6680,375005,"Barcelona"
2020-07-23,NA,3,1,NA,3,13,67,21,3729,NA
2020-07-24,"17",NA,45,NA,22,810,5344,1459,48962,"Girona"
2020-07-24,"25",1,161,NA,2,645,7241,334,30829,"Lleida"
2020-07-24,"43",NA,25,NA,2,949,2507,254,40303,"Tarragona"
2020-07-24,"8",NA,905,36,174,8609,57999,6854,383614,"Barcelona"
2020-07-24,NA,NA,NA,NA,NA,15,67,21,3744,NA
2020-07-25,"17",NA,38,1,1,388,5382,1460,49350,"Girona"
2020-07-25,"25",NA,69,1,NA,390,7310,334,31219,"Lleida"
2020-07-25,"43",NA,33,NA,NA,644,2540,254,40947,"Tarragona"
2020-07-25,"8",1,351,23,1,3484,58350,6855,387098,"Barcelona"
2020-07-25,NA,NA,NA,NA,NA,6,67,21,3750,NA
2020-07-26,"17",NA,23,NA,NA,290,5405,1460,49640,"Girona"
2020-07-26,"25",NA,95,NA,NA,218,7405,334,31437,"Lleida"
2020-07-26,"43",NA,23,NA,NA,296,2563,254,41243,"Tarragona"
2020-07-26,"8",NA,297,3,3,2575,58647,6858,389673,"Barcelona"
2020-07-26,NA,NA,NA,NA,NA,12,67,21,3762,NA
2020-07-27,"17",NA,48,NA,14,638,5453,1474,50278,"Girona"
2020-07-27,"25",3,83,NA,NA,379,7488,334,31816,"Lleida"
2020-07-27,"43",1,18,NA,6,453,2581,260,41696,"Tarragona"
2020-07-27,"8",1,708,8,131,5397,59355,6989,395070,"Barcelona"
2020-07-27,NA,NA,1,NA,NA,26,68,21,3788,NA
2020-07-28,"17",NA,58,NA,12,775,5511,1486,51053,"Girona"
2020-07-28,"25",5,176,NA,2,518,7664,336,32334,"Lleida"
2020-07-28,"43",NA,39,1,5,626,2620,265,42322,"Tarragona"
2020-07-28,"8",1,1011,25,201,7799,60366,7190,402869,"Barcelona"
2020-07-28,NA,NA,4,NA,NA,12,72,21,3800,NA
2020-07-29,"17",1,70,NA,10,750,5581,1496,51803,"Girona"
2020-07-29,"25",6,144,NA,11,551,7808,347,32885,"Lleida"
2020-07-29,"43",2,69,1,6,921,2689,271,43243,"Tarragona"
2020-07-29,"8",NA,1042,40,151,8305,61408,7341,411174,"Barcelona"
2020-07-29,NA,NA,3,NA,NA,37,75,21,3837,NA
2020-07-30,"17",NA,61,1,15,710,5642,1511,52513,"Girona"
2020-07-30,"25",3,114,2,NA,515,7922,347,33400,"Lleida"
2020-07-30,"43",NA,47,1,2,898,2736,273,44141,"Tarragona"
2020-07-30,"8",NA,934,20,147,6685,62342,7488,417859,"Barcelona"
2020-07-30,NA,4,3,NA,NA,20,78,21,3857,NA
2020-07-31,"17",NA,66,NA,11,850,5708,1522,53363,"Girona"
2020-07-31,"25",1,120,1,NA,469,8042,347,33869,"Lleida"
2020-07-31,"43",NA,62,NA,7,1066,2798,280,45207,"Tarragona"
2020-07-31,"8",3,1042,29,117,7869,63384,7605,425728,"Barcelona"
2020-07-31,NA,NA,7,1,NA,54,85,21,3911,NA
2020-08-01,"17",1,10,1,NA,234,5718,1522,53597,"Girona"
2020-08-01,"25",2,88,1,NA,254,8130,347,34123,"Lleida"
2020-08-01,"43",NA,39,NA,NA,712,2837,280,45919,"Tarragona"
2020-08-01,"8",NA,399,21,NA,3406,63783,7605,429134,"Barcelona"
2020-08-01,NA,NA,3,NA,NA,17,88,21,3928,NA
2020-08-02,"17",NA,22,1,NA,302,5740,1522,53899,"Girona"
2020-08-02,"25",NA,62,NA,NA,144,8192,347,34267,"Lleida"
2020-08-02,"43",NA,18,NA,1,265,2855,281,46184,"Tarragona"
2020-08-02,"8",NA,231,3,NA,1789,64014,7605,430923,"Barcelona"
2020-08-02,NA,NA,NA,NA,NA,3,88,21,3931,NA
2020-08-03,"17",NA,35,NA,8,572,5775,1530,54471,"Girona"
2020-08-03,"25",2,98,1,NA,312,8290,347,34579,"Lleida"
2020-08-03,"43",1,34,NA,4,606,2889,285,46790,"Tarragona"
2020-08-03,"8",1,676,12,85,5126,64690,7690,436049,"Barcelona"
2020-08-03,NA,3,1,NA,NA,24,89,21,3955,NA
2020-08-04,"17",NA,61,2,15,697,5836,1545,55168,"Girona"
2020-08-04,"25",1,103,1,2,466,8393,349,35045,"Lleida"
2020-08-04,"43",NA,44,NA,2,826,2933,287,47616,"Tarragona"
2020-08-04,"8",NA,937,15,102,7684,65627,7792,443733,"Barcelona"
2020-08-04,NA,1,NA,NA,NA,37,89,21,3992,NA
2020-08-05,"17",NA,41,NA,6,526,5877,1551,55694,"Girona"
2020-08-05,"25",2,84,NA,NA,440,8477,349,35485,"Lleida"
2020-08-05,"43",1,44,NA,2,590,2977,289,48206,"Tarragona"
2020-08-05,"8",2,856,30,85,6359,66483,7877,450092,"Barcelona"
2020-08-05,NA,3,1,NA,NA,24,90,21,4016,NA
2020-08-06,"17",NA,57,1,5,556,5934,1556,56250,"Girona"
2020-08-06,"25",NA,71,1,NA,505,8548,349,35990,"Lleida"
2020-08-06,"43",3,29,NA,1,558,3006,290,48764,"Tarragona"
2020-08-06,"8",7,811,11,73,6755,67294,7950,456847,"Barcelona"
2020-08-06,NA,NA,1,NA,NA,24,91,21,4040,NA
2020-08-07,"17",NA,42,NA,19,786,5976,1575,57036,"Girona"
2020-08-07,"25",NA,77,1,NA,374,8625,349,36364,"Lleida"
2020-08-07,"43",1,31,NA,2,788,3037,292,49552,"Tarragona"
2020-08-07,"8",6,973,25,42,8373,68267,7992,465220,"Barcelona"
2020-08-07,NA,NA,NA,NA,NA,29,91,21,4069,NA
2020-08-08,"17",NA,14,NA,NA,224,5990,1575,57260,"Girona"
2020-08-08,"25",NA,59,3,1,210,8684,350,36574,"Lleida"
2020-08-08,"43",NA,28,NA,NA,365,3065,292,49917,"Tarragona"
2020-08-08,"8",NA,394,12,1,5731,68661,7993,470951,"Barcelona"
2020-08-08,NA,NA,1,NA,NA,5,92,21,4074,NA
2020-08-09,"17",NA,24,NA,NA,294,6014,1575,57554,"Girona"
2020-08-09,"25",NA,36,NA,NA,145,8720,350,36719,"Lleida"
2020-08-09,"43",NA,34,NA,NA,212,3099,292,50129,"Tarragona"
2020-08-09,"8",NA,217,4,NA,2092,68878,7993,473043,"Barcelona"
2020-08-09,NA,NA,NA,NA,NA,2,92,21,4076,NA
2020-08-10,"17",NA,51,NA,12,622,6065,1587,58176,"Girona"
2020-08-10,"25",NA,87,NA,NA,333,8807,350,37052,"Lleida"
2020-08-10,"43",NA,47,NA,NA,433,3146,292,50562,"Tarragona"
2020-08-10,"8",5,736,1,37,6558,69614,8030,479601,"Barcelona"
2020-08-10,NA,2,1,NA,1,27,93,22,4103,NA
2020-08-11,"17",NA,66,NA,7,649,6131,1594,58825,"Girona"
2020-08-11,"25",NA,85,2,NA,402,8892,350,37454,"Lleida"
2020-08-11,"43",NA,58,NA,2,622,3204,294,51184,"Tarragona"
2020-08-11,"8",12,791,11,48,6998,70405,8078,486599,"Barcelona"
2020-08-11,NA,10,2,NA,NA,24,95,22,4127,NA
2020-08-12,"17",NA,23,NA,7,461,6154,1601,59286,"Girona"
2020-08-12,"25",NA,82,4,1,392,8974,351,37846,"Lleida"
2020-08-12,"43",NA,41,NA,7,498,3245,301,51682,"Tarragona"
2020-08-12,"8",5,671,13,30,4961,71076,8108,491560,"Barcelona"
2020-08-12,NA,7,NA,NA,NA,43,95,22,4170,NA
2020-08-13,"17",NA,3,NA,7,85,6157,1608,59371,"Girona"
2020-08-13,"25",NA,8,2,3,70,8982,354,37916,"Lleida"
2020-08-13,"43",NA,6,NA,2,54,3251,303,51736,"Tarragona"
2020-08-13,"8",3,37,26,55,761,71113,8163,492321,"Barcelona"
2020-08-13,NA,15,NA,NA,NA,9,95,22,4179,NA
